idx_a,idx_b,name_a,name_b,pec50_a,pec50_b,delta_pec50,signed_delta,pec50_avg,sidechain_a,sidechain_b,tanimoto,core
2851,3171,OADMET-0002297,OADMET-0001977,2.2,5.42,3.2199999999999998,-3.2199999999999998,3.81,O=C(O)[*:1],CC1CCN(C(=O)[*:1])CC1,0.6122448979591837,COc1cccc2cc([*:1])c(=O)oc12
614,1963,OADMET-0005475,OADMET-0003410,4.85,2.28,2.57,2.57,3.5649999999999995,COc1cc(CC[*:1])on1,c1cc(CC[*:1])ccn1,0.5964912280701754,O=C(N1CCC(Cc2ccccc2)C1)[*:1]
2955,3142,OADMET-0002193,OADMET-0002006,2.65,5.19,2.5400000000000005,-2.5400000000000005,3.92,O=C(O)C[*:1],Clc1ccc([*:1])cc1,0.525,CC(C)(C)c1ccc(C(=O)NC[*:1])cc1
1993,2380,OADMET-0003379,OADMET-0002980,5.68,3.17,2.51,2.51,4.425,Cc1cc([*:1])oc1C,Cn1cc([*:1])n(C)c1=O,0.543859649122807,O=C(NC(CO)c1ccccc1C(F)(F)F)[*:1]
3114,3224,OADMET-0002034,OADMET-0001920,4.17,1.78,2.3899999999999997,2.3899999999999997,2.975,O=[N+]([O-])c1ccn(C[*:1])n1,Cc1ccccc1[*:1],0.3888888888888889,O=C(N1CCc2ccccc2C1)[*:1]
1735,3186,OADMET-0003646,OADMET-0001962,4.21,1.84,2.37,2.37,3.025,CCCN1CCCC[C@@H]1[*:1],O=C1CCCN1C[*:1],0.41509433962264153,Cc1cccc(C)c1NC(=O)[*:1]
1644,1695,OADMET-0003739,OADMET-0003687,4.04,1.84,2.2,2.2,2.94,CC(N)C[*:1],CO[*:1],0.32142857142857145,Oc1ccc([*:1])cc1
2899,3218,OADMET-0002249,OADMET-0001926,3.05,5.23,2.1800000000000006,-2.1800000000000006,4.140000000000001,O=C(O)[*:1],O=C(N1CCCCCC1)[*:1],0.6153846153846154,O=C1c2cccc3cccc(c23)C(=O)N1C[*:1]
3307,3337,OADMET-0001801,OADMET-0001771,1.75,3.87,2.12,-2.12,2.81,O=c1ccn(C[*:1])c(=O)[nH]1,CC1(O[*:1])CCOCC1,0.4461538461538462,C=CC(=O)Nc1ccc(C(=O)NCC[*:1])cc1
2849,3239,OADMET-0002299,OADMET-0001903,3.05,5.16,2.1100000000000003,-2.1100000000000003,4.105,O=C(O)[*:1],O=C(Nc1nccs1)[*:1],0.5333333333333333,Clc1ccc2c(Cl)c([*:1])sc2c1
2816,2819,OADMET-0002332,OADMET-0002329,3.95,1.87,2.08,2.08,2.91,C1CC([*:1])CN1,O=C(O)CS[*:1],0.16666666666666666,c1ccc([*:1])cc1
3229,3256,OADMET-0001914,OADMET-0001882,3.88,1.81,2.07,2.07,2.8449999999999998,SC[*:1],Oc1ccc(Cl)cc1[*:1],0.3684210526315789,O=C(Nc1ccccc1)[*:1]
3124,3239,OADMET-0002024,OADMET-0001903,3.1,5.16,2.06,-2.06,4.13,c1cncc(C[*:1])c1,c1csc([*:1])n1,0.5087719298245614,O=C(N[*:1])c1sc2cc(Cl)ccc2c1Cl
3248,3279,OADMET-0001893,OADMET-0001857,1.94,4.0,2.06,-2.06,2.9699999999999998,Clc1ccc([*:1])cc1Cl,Oc1c(Cl)cc(Cl)cc1[*:1],0.5675675675675675,O=C(Nc1ccc(Cl)c(Cl)c1)[*:1]
3344,3393,OADMET-0001764,OADMET-0001714,3.76,1.72,2.04,2.04,2.7399999999999998,O[C@@H]1CCCC[C@H]1O[*:1],c1cc2c(s1)CCN([*:1])C2,0.45714285714285713,C=CC(=O)Nc1cccc(C(=O)Nc2ccc([*:1])cc2)c1
2934,3148,OADMET-0002214,OADMET-0002000,3.93,1.92,2.0100000000000002,2.0100000000000002,2.925,O=C(O)CSC[*:1],O=C(NCCO)[*:1],0.3157894736842105,Clc1ccc([*:1])cc1
2819,3229,OADMET-0002329,OADMET-0001914,1.87,3.88,2.01,-2.01,2.875,O=C(O)CS[*:1],O=C(CS)N[*:1],0.3125,c1ccc([*:1])cc1
3225,3229,OADMET-0001919,OADMET-0001914,1.88,3.88,2.0,-2.0,2.88,Oc1ccccc1[*:1],SC[*:1],0.4375,O=C(Nc1ccccc1)[*:1]
2934,3075,OADMET-0002214,OADMET-0002073,3.93,1.94,1.9900000000000002,1.9900000000000002,2.935,O=C(O)CSC[*:1],Nc1ccccc1[*:1],0.21052631578947367,Clc1ccc([*:1])cc1
3622,3624,OADMET-0001463,OADMET-0001461,3.21,5.18,1.9699999999999998,-1.9699999999999998,4.195,C1CCCN(C[*:1])CC1,CCC(CC)[*:1],0.703125,CC(=O)N(CCc1noc(C2CCC2)n1)C1CCN(C(=O)[*:1])C1
3622,3623,OADMET-0001463,OADMET-0001462,3.21,5.16,1.9500000000000002,-1.9500000000000002,4.1850000000000005,C1CCCN([*:1])CC1,c1ccc(CC[*:1])cc1,0.6911764705882353,CC(=O)N(CCc1noc(C2CCC2)n1)C1CCN(C(=O)C[*:1])C1
3217,3276,OADMET-0001927,OADMET-0001861,3.89,2.01,1.8800000000000003,1.8800000000000003,2.95,C1CCCC([*:1])CC1,O=[N+]([O-])c1cnc([*:1])s1,0.36,O=C(N[*:1])c1cccs1
2200,2206,OADMET-0003166,OADMET-0003160,5.77,3.89,1.8799999999999994,1.8799999999999994,4.83,c1c([*:1])nn2c1OCCC2,COc1cc([*:1])ccn1,0.4925373134328358,CC(=O)Nc1ccc(-c2ccc(S(=O)(=O)NC[*:1])cc2)cc1
2816,3084,OADMET-0002332,OADMET-0002064,3.95,2.12,1.83,1.83,3.035,C1CC([*:1])CN1,NCC[*:1],0.1875,c1ccc([*:1])cc1
3174,3186,OADMET-0001974,OADMET-0001962,3.67,1.84,1.8299999999999998,1.8299999999999998,2.755,C1CCN([*:1])C1,O=C1CCCN1[*:1],0.6341463414634146,Cc1cccc(C)c1NC(=O)C[*:1]
2816,3090,OADMET-0002332,OADMET-0002058,3.95,2.13,1.8200000000000003,1.8200000000000003,3.04,C1CC([*:1])CN1,CC[C@H](N)[*:1],0.17142857142857143,c1ccc([*:1])cc1
2926,3126,OADMET-0002222,OADMET-0002022,2.03,3.85,1.8200000000000003,-1.8200000000000003,2.94,O=C(O)[*:1],CC(C)CCNC(=O)[*:1],0.5581395348837209,COc1cc([N+](=O)[O-])c([*:1])cc1OC
2957,3148,OADMET-0002191,OADMET-0002000,3.73,1.92,1.81,1.81,2.825,O=C(O)CCS[*:1],O=C(NCCO)[*:1],0.3157894736842105,Clc1ccc([*:1])cc1
2957,3075,OADMET-0002191,OADMET-0002073,3.73,1.94,1.79,1.79,2.835,O=C(O)CCS[*:1],Nc1ccccc1[*:1],0.21052631578947367,Clc1ccc([*:1])cc1
3084,3229,OADMET-0002064,OADMET-0001914,2.12,3.88,1.7599999999999998,-1.7599999999999998,3.0,NCC[*:1],O=C(CS)N[*:1],0.22580645161290322,c1ccc([*:1])cc1
2816,2844,OADMET-0002332,OADMET-0002304,3.95,2.2,1.75,1.75,3.075,C1CC([*:1])CN1,NCCC[*:1],0.17647058823529413,c1ccc([*:1])cc1
3090,3229,OADMET-0002058,OADMET-0001914,2.13,3.88,1.75,-1.75,3.005,CC[C@H](N)[*:1],O=C(CS)N[*:1],0.20588235294117646,c1ccc([*:1])cc1
3671,3675,OADMET-0001409,OADMET-0001405,4.1,5.8,1.7000000000000002,-1.7000000000000002,4.949999999999999,COCc1c([*:1])noc1C,c1ccc2c([*:1])n[nH]c2c1,0.56,CCCN1C(=O)CC[C@]2(CNC(=O)[*:1])CCC[C@@H]12
3141,3202,OADMET-0002007,OADMET-0001944,4.83,3.13,1.7000000000000002,1.7000000000000002,3.98,Cc1cc(C)c([*:1])c(C)c1,Cc1cccc(C)c1[*:1],0.7058823529411765,CCN(CC)CC(=O)N[*:1]
2844,3229,OADMET-0002304,OADMET-0001914,2.2,3.88,1.6799999999999997,-1.6799999999999997,3.04,NCCC[*:1],O=C(CS)N[*:1],0.21212121212121213,c1ccc([*:1])cc1
2957,3213,OADMET-0002191,OADMET-0001932,3.73,5.37,1.6400000000000001,-1.6400000000000001,4.55,O=C(O)[*:1],O=C(N1CCCCCC1)[*:1],0.5675675675675675,Clc1ccc(SCC[*:1])cc1
1628,3068,OADMET-0003755,OADMET-0002080,1.87,3.32,1.4499999999999997,-1.4499999999999997,2.5949999999999998,CC=C[*:1],NCC1([*:1])CCOCC1,0.28205128205128205,COc1ccc([*:1])cc1
1629,3088,OADMET-0003754,OADMET-0002060,3.93,2.49,1.44,1.44,3.21,CC=C[*:1],NC[*:1],0.45714285714285713,COc1cc([*:1])ccc1O
903,2811,OADMET-0005186,OADMET-0002538,4.4,5.835,1.4349999999999996,-1.4349999999999996,5.1175,C1CCc2oc([*:1])nc2C1,CC(C)(C)c1csc([*:1])n1,0.5245901639344263,COc1ccccc1-c1cn(C[*:1])nn1
2883,3119,OADMET-0002265,OADMET-0002029,2.94,4.37,1.4300000000000002,-1.4300000000000002,3.6550000000000002,O=C(O)[*:1],O=C(NCc1cccs1)[*:1],0.58,Cc1onc(-c2ccccc2Cl)c1[*:1]
2934,2954,OADMET-0002214,OADMET-0002194,3.93,2.54,1.3900000000000001,1.3900000000000001,3.2350000000000003,O=C(O)CSC[*:1],O=C(O)C[*:1],0.5517241379310345,Clc1ccc([*:1])cc1
3612,3618,OADMET-0001473,OADMET-0001467,2.52,3.87,1.35,-1.35,3.1950000000000003,CCn1cc([*:1])cn1,Fc1ccc(OC[*:1])cc1,0.5342465753424658,CC(C)C(=O)N(CCCN1CCCC1)C1CCCN(C(=O)[*:1])C1
2822,3001,OADMET-0002326,OADMET-0002147,1.86,3.19,1.3299999999999998,-1.3299999999999998,2.525,Oc1ccc([*:1])cc1,c1coc([*:1])c1,0.5277777777777778,O=C(O)c1cc([*:1])on1
3354,3465,OADMET-0001754,OADMET-0001631,3.04,4.35,1.3099999999999996,-1.3099999999999996,3.695,O=S1(=O)CC2([*:1])CCN1C2,Cc1oc(C2CC2)nc1[*:1],0.4027777777777778,C=CC(=O)Nc1cc(NC(=O)[*:1])ccc1F
1661,3201,OADMET-0003722,OADMET-0001945,3.1,1.81,1.29,1.29,2.455,O=C(NC1CCCNC1)[*:1],O=C(N1CCOCC1)[*:1],0.37254901960784315,COc1cc([*:1])cc(OC)c1OC
3186,3202,OADMET-0001962,OADMET-0001944,1.84,3.13,1.2899999999999998,-1.2899999999999998,2.485,O=C1CCCN1[*:1],CCN(CC)[*:1],0.4444444444444444,Cc1cccc(C)c1NC(=O)C[*:1]
2900,2911,OADMET-0002248,OADMET-0002237,2.45,3.72,1.27,-1.27,3.085,CC[*:1],c1ccc(S[*:1])cc1,0.40625,O=C(O)C(c1ccccc1)[*:1]
2934,3051,OADMET-0002214,OADMET-0002097,3.93,2.67,1.2600000000000002,1.2600000000000002,3.3,O=C(O)CSC[*:1],NC[*:1],0.36666666666666664,Clc1ccc([*:1])cc1
3060,3068,OADMET-0002088,OADMET-0002080,2.08,3.32,1.2399999999999998,-1.2399999999999998,2.7,C1CN(C[*:1])CCN1,NCC1([*:1])CCOCC1,0.28888888888888886,COc1ccc([*:1])cc1
2911,2918,OADMET-0002237,OADMET-0002230,3.72,2.49,1.23,1.23,3.1050000000000004,c1ccc(S[*:1])cc1,OC[*:1],0.41935483870967744,O=C(O)C(c1ccccc1)[*:1]
1735,3155,OADMET-0003646,OADMET-0001993,4.21,2.98,1.23,1.23,3.5949999999999998,CCCN1CCCC[C@@H]1[*:1],CN1CCCCC1[*:1],0.7209302325581395,Cc1cccc(C)c1NC(=O)[*:1]
1661,2928,OADMET-0003722,OADMET-0002220,3.1,1.88,1.2200000000000002,1.2200000000000002,2.49,O=C(NC1CCCNC1)[*:1],O=C(O)[*:1],0.42857142857142855,COc1cc([*:1])cc(OC)c1OC
2857,2899,OADMET-0002291,OADMET-0002249,4.27,3.05,1.2199999999999998,1.2199999999999998,3.6599999999999997,O=C(O)CC[*:1],O=C(O)[*:1],0.6666666666666666,O=C1c2cccc3cccc(c23)C(=O)N1C[*:1]
3430,3471,OADMET-0001666,OADMET-0001625,1.76,2.97,1.2100000000000002,-1.2100000000000002,2.365,OCCC(c1cccs1)[*:1],C1CCc2oc([*:1])nc2C1,0.35294117647058826,C=CC(=O)N1CCC(C(=O)N[*:1])CC1
3625,3626,OADMET-0001460,OADMET-0001459,2.48,3.69,1.21,-1.21,3.085,c1nc2cc([*:1])ccc2[nH]1,Cc1ncoc1[*:1],0.6052631578947368,O=C(C1CC1)N1CCCC(N(CCNC(=O)[*:1])C2CCOCC2)C1
1780,3036,OADMET-0003598,OADMET-0002112,1.78,2.97,1.1900000000000002,-1.1900000000000002,2.375,NS(=O)(=O)[*:1],FC(F)(F)[*:1],0.32,Nc1ccc([*:1])cc1
2954,2957,OADMET-0002194,OADMET-0002191,2.54,3.73,1.19,-1.19,3.135,O=C(O)C[*:1],O=C(O)CCS[*:1],0.45161290322580644,Clc1ccc([*:1])cc1
2891,3127,OADMET-0002257,OADMET-0002021,3.23,4.41,1.1800000000000002,-1.1800000000000002,3.8200000000000003,O=C(O)[*:1],O=C(NC1CCCCC1)[*:1],0.5476190476190477,COc1cccc(OC[*:1])c1
3844,3911,OADMET-0001223,OADMET-0001155,2.9,1.72,1.18,1.18,2.31,Nc1nc(CC[*:1])cs1,Cc1nc2sccn2c1[*:1],0.45901639344262296,NS(=O)(=O)c1ccc(CNC(=O)[*:1])cc1
3231,3232,OADMET-0001912,OADMET-0001911,3.0,4.18,1.1799999999999997,-1.1799999999999997,3.59,CC(C)(O)[*:1],CC(C)[*:1],0.6818181818181818,O=C(Nc1ccc([N+](=O)[O-])c(C(F)(F)F)c1)[*:1]
2861,2934,OADMET-0002287,OADMET-0002214,2.76,3.93,1.1700000000000004,-1.1700000000000004,3.3449999999999998,O=C(O)CO[*:1],O=C(O)CSC[*:1],0.4117647058823529,Clc1ccc([*:1])cc1
1780,2837,OADMET-0003598,OADMET-0002311,1.78,2.95,1.1700000000000002,-1.1700000000000002,2.365,NS(=O)(=O)[*:1],C1CCN([*:1])CC1,0.27586206896551724,Nc1ccc([*:1])cc1
3671,3672,OADMET-0001409,OADMET-0001408,4.1,5.27,1.17,-1.17,4.685,COCc1c([*:1])noc1C,c1c([*:1])n[nH]c1C1CC1,0.5333333333333333,CCCN1C(=O)CC[C@]2(CNC(=O)[*:1])CCC[C@@H]12
2973,3002,OADMET-0002175,OADMET-0002146,3.03,1.87,1.1599999999999997,1.1599999999999997,2.45,c1nnnn1[*:1],N#C[*:1],0.38461538461538464,O=C(O)c1cccc([*:1])c1
3155,3186,OADMET-0001993,OADMET-0001962,2.98,1.84,1.14,1.14,2.41,CN1CCCCC1[*:1],O=C1CCCN1C[*:1],0.42,Cc1cccc(C)c1NC(=O)[*:1]
2819,2952,OADMET-0002329,OADMET-0002196,1.87,3.01,1.1399999999999997,-1.1399999999999997,2.44,O=C(O)CS[*:1],O=C(O)CC[*:1],0.39285714285714285,c1ccc([*:1])cc1
1761,1782,OADMET-0003618,OADMET-0003596,4.35,3.21,1.1399999999999997,1.1399999999999997,3.78,c1ccc([*:1])cc1,Oc1ccc([*:1])cc1,0.8235294117647058,CCCCC1C(=O)N(c2ccccc2)N([*:1])C1=O
3036,3064,OADMET-0002112,OADMET-0002084,2.97,1.84,1.1300000000000001,1.1300000000000001,2.4050000000000002,FC(F)(F)[*:1],c1cncc([*:1])c1,0.26666666666666666,Nc1ccc([*:1])cc1
2956,3148,OADMET-0002192,OADMET-0002000,3.05,1.92,1.13,1.13,2.485,O=C(O)CS[*:1],O=C(NCCO)[*:1],0.3333333333333333,Clc1ccc([*:1])cc1
2831,2908,OADMET-0002317,OADMET-0002240,1.92,3.05,1.13,-1.13,2.485,c1nnnn1[*:1],O=C(N[*:1])c1ccco1,0.2727272727272727,O=C(O)c1ccc([*:1])cc1
3797,4108,OADMET-0001274,OADMET-0000958,3.68,2.56,1.12,1.12,3.12,Cc1nonc1C[*:1],CC(C)[C@@H](C(=O)O)[*:1],0.4230769230769231,CNC(=O)c1ccc(S(=O)(=O)N[*:1])cc1
3191,3237,OADMET-0001956,OADMET-0001905,1.86,2.97,1.11,-1.11,2.415,C1CCC([*:1])CC1,C1CN(C[*:1])CCO1,0.559322033898305,O=C(Nc1nc2ccc([N+](=O)[O-])cc2s1)[*:1]
2837,3064,OADMET-0002311,OADMET-0002084,2.95,1.84,1.11,1.11,2.395,C1CCN([*:1])CC1,c1cncc([*:1])c1,0.23529411764705882,Nc1ccc([*:1])cc1
2956,3075,OADMET-0002192,OADMET-0002073,3.05,1.94,1.1099999999999999,1.1099999999999999,2.495,O=C(O)CS[*:1],Nc1ccccc1[*:1],0.2222222222222222,Clc1ccc([*:1])cc1
2860,3168,OADMET-0002288,OADMET-0001980,2.96,4.06,1.0999999999999996,-1.0999999999999996,3.51,O=C(O)[*:1],O=C(Nc1nccs1)[*:1],0.574468085106383,c1ccc2sc(SC[*:1])nc2c1
3005,3148,OADMET-0002143,OADMET-0002000,3.01,1.92,1.0899999999999999,1.0899999999999999,2.465,O=C(O)[*:1],O=C(NCCO)[*:1],0.4482758620689655,Clc1ccc([*:1])cc1
1735,3202,OADMET-0003646,OADMET-0001944,4.21,3.13,1.08,1.08,3.67,CCCN1CCCC[C@@H]1[*:1],CCN(CC)C[*:1],0.3877551020408163,Cc1cccc(C)c1NC(=O)[*:1]
2953,2974,OADMET-0002195,OADMET-0002174,2.9,1.82,1.0799999999999998,1.0799999999999998,2.36,O=C(O)[*:1],NC[*:1],0.23809523809523808,CC(C)C[*:1]
2883,2889,OADMET-0002265,OADMET-0002259,2.94,4.01,1.0699999999999998,-1.0699999999999998,3.4749999999999996,Clc1ccccc1[*:1],Clc1cccc(Cl)c1[*:1],0.7297297297297297,Cc1onc([*:1])c1C(=O)O
2825,2973,OADMET-0002323,OADMET-0002175,1.96,3.03,1.0699999999999998,-1.0699999999999998,2.495,O=S(=O)(N1CCOCC1)[*:1],c1nnnn1[*:1],0.3333333333333333,O=C(O)c1cccc([*:1])c1
3005,3075,OADMET-0002143,OADMET-0002073,3.01,1.94,1.0699999999999998,1.0699999999999998,2.4749999999999996,O=C(O)[*:1],Nc1ccccc1[*:1],0.26666666666666666,Clc1ccc([*:1])cc1
2957,3051,OADMET-0002191,OADMET-0002097,3.73,2.67,1.06,1.06,3.2,O=C(O)CCS[*:1],NC[*:1],0.28125,Clc1ccc([*:1])cc1
1671,2839,OADMET-0003712,OADMET-0002309,1.81,2.87,1.06,-1.06,2.34,Nc1ncc(C[*:1])c(N)n1,O=C(O)CC[*:1],0.3695652173913043,COc1ccc([*:1])cc1OC
2871,3068,OADMET-0002277,OADMET-0002080,2.26,3.32,1.06,-1.06,2.79,O=C(O)[*:1],NCC1([*:1])CCOCC1,0.28205128205128205,COc1ccc([*:1])cc1
2934,3020,OADMET-0002214,OADMET-0002128,3.93,2.87,1.06,1.06,3.4000000000000004,O=C(O)CSC[*:1],CN[*:1],0.24242424242424243,Clc1ccc([*:1])cc1
2869,2969,OADMET-0002279,OADMET-0002179,1.97,3.03,1.0599999999999998,-1.0599999999999998,2.5,O=C(O)C[*:1],O=C(O)[*:1],0.7142857142857143,O=c1oc2ccccc2n1C[*:1]
2838,2973,OADMET-0002310,OADMET-0002175,1.97,3.03,1.0599999999999998,-1.0599999999999998,2.5,CN(C)[*:1],c1nnnn1[*:1],0.38461538461538464,O=C(O)c1cccc([*:1])c1
2912,3002,OADMET-0002236,OADMET-0002146,2.92,1.87,1.0499999999999998,1.0499999999999998,2.395,c1coc([*:1])c1,N#C[*:1],0.40540540540540543,O=C(O)c1cccc([*:1])c1
3926,4090,OADMET-0001140,OADMET-0000976,2.77,3.81,1.04,-1.04,3.29,CCCn1cnnc1C[*:1],OC1(C[*:1])CCCCC1,0.5254237288135594,CS(=O)(=O)Nc1cccc(NC(=O)N[*:1])c1
1753,1813,OADMET-0003626,OADMET-0003564,5.88,4.84,1.04,1.04,5.359999999999999,CC[*:1],CCCC(=O)OC[*:1],0.78,COC(=O)C1=C(C)NC(C)=C(C(=O)O[*:1])C1c1cccc(Cl)c1Cl
121,433,OADMET-0005968,OADMET-0005656,3.85,4.89,1.0399999999999996,-1.0399999999999996,4.37,CCc1nn(C)cc1[*:1],FC(F)C(F)(F)C[*:1],0.4838709677419355,O=C(N[*:1])C1CCN(c2ccccc2Cl)C1
2848,2876,OADMET-0002300,OADMET-0002272,2.1,3.13,1.0299999999999998,-1.0299999999999998,2.615,CCO[*:1],O=C(N[*:1])c1ccco1,0.3023255813953488,O=C(O)c1ccccc1[*:1]
81,2811,OADMET-0006008,OADMET-0002538,4.81,5.835,1.0250000000000004,-1.0250000000000004,5.3225,CCc1nocc1[*:1],CC(C)(C)c1csc([*:1])n1,0.4918032786885246,COc1ccccc1-c1cn(C[*:1])nn1
2829,2929,OADMET-0002319,OADMET-0002219,3.0,1.98,1.02,1.02,2.49,CC(S[*:1])C(=O)O,O=C(O)[*:1],0.41379310344827586,Cc1ccc([*:1])cc1
2843,3001,OADMET-0002305,OADMET-0002147,2.18,3.19,1.0099999999999998,-1.0099999999999998,2.685,c1csc([*:1])c1,c1coc([*:1])c1,0.5405405405405406,O=C(O)c1cc([*:1])on1
2884,2973,OADMET-0002264,OADMET-0002175,2.02,3.03,1.0099999999999998,-1.0099999999999998,2.525,O=[N+]([O-])[*:1],c1nnnn1[*:1],0.375,O=C(O)c1cccc([*:1])c1
2984,3128,OADMET-0002164,OADMET-0002020,2.82,3.82,1.0,-1.0,3.32,O=C(O)[*:1],O=C(NC1CCCCC1)[*:1],0.5853658536585366,COc1ccc(CCC[*:1])cc1
2924,3143,OADMET-0002224,OADMET-0002005,3.24,4.24,1.0,-1.0,3.74,O=C(O)[*:1],O=C(NC1CCCC1)[*:1],0.5277777777777778,CC(C[*:1])c1ccccc1
2921,2928,OADMET-0002227,OADMET-0002220,2.87,1.88,0.9900000000000002,0.9900000000000002,2.375,c1ccc(CO[*:1])cc1,CO[*:1],0.5882352941176471,COc1cc(C(=O)O)cc(OC)c1[*:1]
3017,3084,OADMET-0002131,OADMET-0002064,3.1,2.12,0.98,0.98,2.6100000000000003,C1CC([*:1])CCN1,NC[*:1],0.3,c1ccc(C[*:1])cc1
2979,3098,OADMET-0002169,OADMET-0002050,2.86,1.88,0.98,0.98,2.37,O=C(O)[*:1],NC[*:1],0.39285714285714285,CC(C)(C)c1ccc([*:1])cc1
2861,2957,OADMET-0002287,OADMET-0002191,2.76,3.73,0.9700000000000002,-0.9700000000000002,3.245,O=C(O)CO[*:1],O=C(O)CCS[*:1],0.4117647058823529,Clc1ccc([*:1])cc1
3001,3178,OADMET-0002147,OADMET-0001970,3.19,2.22,0.9699999999999998,0.9699999999999998,2.705,O=C(O)[*:1],O=C(N1CCOCC1)[*:1],0.5853658536585366,c1coc(-c2cc([*:1])no2)c1
1628,2942,OADMET-0003755,OADMET-0002206,1.87,2.84,0.9699999999999998,-0.9699999999999998,2.355,CC=C[*:1],O=C(O)c1cc([*:1])n[nH]1,0.2682926829268293,COc1ccc([*:1])cc1
2857,3218,OADMET-0002291,OADMET-0001926,4.27,5.23,0.9600000000000009,-0.9600000000000009,4.75,O=C(O)CC[*:1],O=C(N1CCCCCC1)[*:1],0.4888888888888889,O=C1c2cccc3cccc(c23)C(=O)N1C[*:1]
3853,3996,OADMET-0001214,OADMET-0001070,4.57,3.61,0.9600000000000004,0.9600000000000004,4.09,CC1(C)CC1[*:1],Cc1nc([*:1])cs1,0.49056603773584906,O=C(N1CCN(C(c2ccc(F)cc2)c2ccc(F)cc2)CC1)[*:1]
2825,2912,OADMET-0002323,OADMET-0002236,1.96,2.92,0.96,-0.96,2.44,O=S(=O)(N1CCOCC1)[*:1],c1coc([*:1])c1,0.34782608695652173,O=C(O)c1cccc([*:1])c1
3020,3148,OADMET-0002128,OADMET-0002000,2.87,1.92,0.9500000000000002,0.9500000000000002,2.395,CN[*:1],O=C(NCCO)[*:1],0.28125,Clc1ccc([*:1])cc1
3010,3027,OADMET-0002138,OADMET-0002121,1.96,2.91,0.9500000000000002,-0.9500000000000002,2.435,O=[N+]([O-])[*:1],FC(F)(F)[*:1],0.3548387096774194,Nc1cccc([*:1])c1
2838,2912,OADMET-0002310,OADMET-0002236,1.97,2.92,0.95,-0.95,2.445,CN(C)[*:1],c1coc([*:1])c1,0.40540540540540543,O=C(O)c1cccc([*:1])c1
2950,2988,OADMET-0002198,OADMET-0002160,2.77,1.82,0.95,0.95,2.295,O=C(O)CCC[*:1],NC[*:1],0.43333333333333335,C1CN(C[*:1])CCO1
1628,2984,OADMET-0003755,OADMET-0002164,1.87,2.82,0.9499999999999997,-0.9499999999999997,2.3449999999999998,CC=C[*:1],O=C(O)CCC[*:1],0.34285714285714286,COc1ccc([*:1])cc1
2816,2952,OADMET-0002332,OADMET-0002196,3.95,3.01,0.9400000000000004,0.9400000000000004,3.48,C1CC([*:1])CN1,O=C(O)CC[*:1],0.17142857142857143,c1ccc([*:1])cc1
2831,2979,OADMET-0002317,OADMET-0002169,1.92,2.86,0.94,-0.94,2.3899999999999997,c1nnnn1[*:1],CC(C)(C)[*:1],0.35294117647058826,O=C(O)c1ccc([*:1])cc1
2818,2860,OADMET-0002330,OADMET-0002288,3.9,2.96,0.94,0.94,3.4299999999999997,Cc1ccc([*:1])cc1N,O=C(O)CS[*:1],0.30612244897959184,c1ccc2sc([*:1])nc2c1
809,2458,OADMET-0005280,OADMET-0002900,5.02,5.95,0.9300000000000006,-0.9300000000000006,5.484999999999999,N#Cc1cnc([*:1])c(F)c1,N#Cc1cncc([*:1])n1,0.5423728813559322,CC(C)C1c2ccccc2CCN1[*:1]
3020,3075,OADMET-0002128,OADMET-0002073,2.87,1.94,0.9300000000000002,0.9300000000000002,2.4050000000000002,CN[*:1],Nc1ccccc1[*:1],0.27586206896551724,Clc1ccc([*:1])cc1
2934,3005,OADMET-0002214,OADMET-0002143,3.93,3.01,0.9200000000000004,0.9200000000000004,3.4699999999999998,O=C(O)CSC[*:1],O=C(O)[*:1],0.4,Clc1ccc([*:1])cc1
976,2205,OADMET-0005113,OADMET-0003161,4.23,5.15,0.9199999999999999,-0.9199999999999999,4.69,c1cc2c(c([*:1])c1)COC2,c1ccc2c([*:1])c[nH]c2c1,0.5185185185185185,O=S(=O)(Nc1cnc(C2CC2)nc1)[*:1]
2822,2997,OADMET-0002326,OADMET-0002151,1.86,2.77,0.9099999999999999,-0.9099999999999999,2.315,Oc1ccc([*:1])cc1,c1ccc([*:1])cc1,0.7333333333333333,O=C(O)c1cc([*:1])on1
2900,2977,OADMET-0002248,OADMET-0002171,2.45,3.36,0.9099999999999997,-0.9099999999999997,2.9050000000000002,CC[*:1],c1ccc([*:1])cc1,0.5,O=C(O)C(c1ccccc1)[*:1]
1198,3796,OADMET-0004891,OADMET-0001275,4.7,3.8,0.9000000000000004,0.9000000000000004,4.25,Oc1ccc(C(O)[*:1])cc1,NC(=O)c1nc([*:1])no1,0.41379310344827586,Cc1ccc(S(=O)(=O)NC[*:1])c(C)c1
2884,2912,OADMET-0002264,OADMET-0002236,2.02,2.92,0.8999999999999999,-0.8999999999999999,2.4699999999999998,O=[N+]([O-])[*:1],c1coc([*:1])c1,0.39473684210526316,O=C(O)c1cccc([*:1])c1
2908,3006,OADMET-0002240,OADMET-0002142,3.05,2.15,0.8999999999999999,0.8999999999999999,2.5999999999999996,O=C(N[*:1])c1ccco1,FC(F)(F)[*:1],0.3157894736842105,O=C(O)c1ccc([*:1])cc1
2844,3017,OADMET-0002304,OADMET-0002131,2.2,3.1,0.8999999999999999,-0.8999999999999999,2.6500000000000004,NCC[*:1],C1CC([*:1])CCN1,0.28125,c1ccc(C[*:1])cc1
2868,3014,OADMET-0002280,OADMET-0002134,1.96,2.85,0.8900000000000001,-0.8900000000000001,2.4050000000000002,O=C(O)[*:1],CCNC[*:1],0.26666666666666666,c1cc([*:1])ccn1
2868,3053,OADMET-0002280,OADMET-0002095,1.96,2.85,0.8900000000000001,-0.8900000000000001,2.4050000000000002,O=C(O)[*:1],NC[*:1],0.32,c1cc([*:1])ccn1
2952,3084,OADMET-0002196,OADMET-0002064,3.01,2.12,0.8899999999999997,0.8899999999999997,2.565,O=C(O)C[*:1],NC[*:1],0.4583333333333333,c1ccc(C[*:1])cc1
1628,2845,OADMET-0003755,OADMET-0002303,1.87,2.76,0.8899999999999997,-0.8899999999999997,2.315,CC=C[*:1],O=C(O)CO[*:1],0.34375,COc1ccc([*:1])cc1
2934,2956,OADMET-0002214,OADMET-0002192,3.93,3.05,0.8800000000000003,0.8800000000000003,3.49,O=C(O)CSC[*:1],O=C(O)CS[*:1],0.5483870967741935,Clc1ccc([*:1])cc1
2953,3003,OADMET-0002195,OADMET-0002145,2.9,2.02,0.8799999999999999,0.8799999999999999,2.46,CC(C)[*:1],N#C[*:1],0.2727272727272727,O=C(O)C[*:1]
2952,3090,OADMET-0002196,OADMET-0002058,3.01,2.13,0.8799999999999999,0.8799999999999999,2.57,O=C(O)CC[*:1],CC[C@H](N)[*:1],0.22580645161290322,c1ccc([*:1])cc1
2952,3229,OADMET-0002196,OADMET-0001914,3.01,3.88,0.8700000000000001,-0.8700000000000001,3.445,O=C(O)CC[*:1],O=C(CS)N[*:1],0.3225806451612903,c1ccc([*:1])cc1
2918,2977,OADMET-0002230,OADMET-0002171,2.49,3.36,0.8699999999999997,-0.8699999999999997,2.925,OC[*:1],c1ccc([*:1])cc1,0.52,O=C(O)C(c1ccccc1)[*:1]
2957,3020,OADMET-0002191,OADMET-0002128,3.73,2.87,0.8599999999999999,0.8599999999999999,3.3,O=C(O)CCS[*:1],CN[*:1],0.24242424242424243,Clc1ccc([*:1])cc1
3282,3284,OADMET-0001826,OADMET-0001824,3.42,2.56,0.8599999999999999,0.8599999999999999,2.99,C1=C(CC[*:1])CCCC1,Clc1ccc(C[*:1])cc1,0.5272727272727272,O=Cc1ccc(C(=O)OCC(=O)N[*:1])cc1
2861,3148,OADMET-0002287,OADMET-0002000,2.76,1.92,0.8399999999999999,0.8399999999999999,2.34,O=C(O)CO[*:1],O=C(NCCO)[*:1],0.3333333333333333,Clc1ccc([*:1])cc1
2863,2908,OADMET-0002285,OADMET-0002240,2.21,3.05,0.8399999999999999,-0.8399999999999999,2.63,CCO[*:1],O=C(N[*:1])c1ccco1,0.2926829268292683,O=C(O)c1ccc([*:1])cc1
3188,3196,OADMET-0001960,OADMET-0001950,4.84,5.66,0.8200000000000003,-0.8200000000000003,5.25,N#Cc1cccc([*:1])c1,O=[N+]([O-])c1ccc([*:1])cc1,0.5892857142857143,O=C(Nc1cc(-c2ccccc2)nn1-c1ccccc1)[*:1]
2887,3254,OADMET-0002261,OADMET-0001884,3.38,4.2,0.8200000000000003,-0.8200000000000003,3.79,O=C(O)[*:1],O=C(NC1CCCC1)[*:1],0.5813953488372093,c1ccc2c(c1)ccc1oc([*:1])cc12
2861,3075,OADMET-0002287,OADMET-0002073,2.76,1.94,0.8199999999999998,0.8199999999999998,2.3499999999999996,O=C(O)CO[*:1],Nc1ccccc1[*:1],0.2222222222222222,Clc1ccc([*:1])cc1
2844,2952,OADMET-0002304,OADMET-0002196,2.2,3.01,0.8099999999999996,-0.8099999999999996,2.605,NC[*:1],O=C(O)[*:1],0.4230769230769231,c1ccc(CC[*:1])cc1
2839,2909,OADMET-0002309,OADMET-0002239,2.87,2.07,0.8000000000000003,0.8000000000000003,2.4699999999999998,O=C(O)CC[*:1],O=C(O)[*:1],0.5,COc1ccc([*:1])cc1OC
2871,2908,OADMET-0002277,OADMET-0002240,2.26,3.05,0.79,-0.79,2.655,CO[*:1],O=C(N[*:1])c1ccco1,0.3157894736842105,O=C(O)c1ccc([*:1])cc1
339,2760,OADMET-0005750,OADMET-0002591,4.44,5.23,0.79,-0.79,4.835000000000001,Fc1cnccc1[*:1],c1ccn2c([*:1])cnc2c1,0.5370370370370371,O=C(N1CCN(C2CC2)c2ccccc21)[*:1]
1617,1811,OADMET-0003766,OADMET-0003566,3.89,4.68,0.7899999999999996,-0.7899999999999996,4.285,Cc1cc(NC(=O)[*:1])no1,Cc1cnc(NC(=O)[*:1])s1,0.5964912280701754,CN1C([*:1])=C(O)c2ccccc2S1(=O)=O
270,1040,OADMET-0005819,OADMET-0005049,4.99,4.21,0.7800000000000002,0.7800000000000002,4.6,CC1([*:1])CCC(=O)NC1,N#CC1([*:1])CCOCC1,0.5423728813559322,Cc1ccc(-c2noc([*:1])n2)cc1Cl
2831,2916,OADMET-0002317,OADMET-0002232,1.92,2.69,0.77,-0.77,2.3049999999999997,c1nnnn1[*:1],CC(=O)N[*:1],0.3333333333333333,O=C(O)c1ccc([*:1])cc1
2955,3098,OADMET-0002193,OADMET-0002050,2.65,1.88,0.77,0.77,2.2649999999999997,O=C(O)CCNC(=O)[*:1],NC[*:1],0.3333333333333333,CC(C)(C)c1ccc([*:1])cc1
2820,2945,OADMET-0002328,OADMET-0002203,3.31,4.08,0.77,-0.77,3.6950000000000003,Cc1ccc([*:1])o1,c1ccc([*:1])cc1,0.6,O=C(O)c1cc([*:1])nc2ccccc12
424,2772,OADMET-0005665,OADMET-0002579,4.39,5.15,0.7600000000000007,-0.7600000000000007,4.77,Cc1cnc(C(C)[*:1])cn1,c1oc(C2CC2)nc1C[*:1],0.3787878787878788,COc1ccccc1-c1cn([*:1])nn1
2906,2950,OADMET-0002242,OADMET-0002198,2.01,2.77,0.7600000000000002,-0.7600000000000002,2.3899999999999997,O=C(O)[*:1],O=C(O)CCC[*:1],0.5517241379310345,C1CN(C[*:1])CCO1
2942,3060,OADMET-0002206,OADMET-0002088,2.84,2.08,0.7599999999999998,0.7599999999999998,2.46,O=C(O)c1cc([*:1])n[nH]1,C1CN(C[*:1])CCN1,0.25,COc1ccc([*:1])cc1
2875,2891,OADMET-0002273,OADMET-0002257,2.48,3.23,0.75,-0.75,2.855,O=C(O)[*:1],O=C(O)CO[*:1],0.5454545454545454,COc1cccc([*:1])c1
903,2772,OADMET-0005186,OADMET-0002579,4.4,5.15,0.75,-0.75,4.775,C1CCc2oc([*:1])nc2C1,c1oc(C2CC2)nc1[*:1],0.532258064516129,COc1ccccc1-c1cn(C[*:1])nn1
3051,3148,OADMET-0002097,OADMET-0002000,2.67,1.92,0.75,0.75,2.295,NC[*:1],O=C(NCCO)[*:1],0.28125,Clc1ccc([*:1])cc1
1780,3039,OADMET-0003598,OADMET-0002109,1.78,2.53,0.7499999999999998,-0.7499999999999998,2.155,NS(=O)(=O)[*:1],CO[*:1],0.32,Nc1ccc([*:1])cc1
1661,1804,OADMET-0003722,OADMET-0003574,3.1,2.36,0.7400000000000002,0.7400000000000002,2.73,O=C(NC1CCCNC1)[*:1],Nc1ncc(C[*:1])c(N)n1,0.22033898305084745,COc1cc([*:1])cc(OC)c1OC
2984,3060,OADMET-0002164,OADMET-0002088,2.82,2.08,0.7399999999999998,0.7399999999999998,2.45,O=C(O)CC[*:1],C1CN([*:1])CCN1,0.34146341463414637,COc1ccc(C[*:1])cc1
3051,3075,OADMET-0002097,OADMET-0002073,2.67,1.94,0.73,0.73,2.3049999999999997,NC[*:1],Nc1ccccc1[*:1],0.32142857142857145,Clc1ccc([*:1])cc1
3010,3082,OADMET-0002138,OADMET-0002066,1.96,2.69,0.73,-0.73,2.325,O=[N+]([O-])[*:1],CCOC(=O)[*:1],0.3157894736842105,Nc1cccc([*:1])c1
873,1210,OADMET-0005216,OADMET-0004879,4.14,4.86,0.7200000000000006,-0.7200000000000006,4.5,Cc1ccc(C[*:1])cc1,Cc1cc([*:1])cs1,0.6101694915254238,COCCOc1ccc(Cl)cc1S(=O)(=O)NC(=O)[*:1]
2957,3005,OADMET-0002191,OADMET-0002143,3.73,3.01,0.7200000000000002,0.7200000000000002,3.37,O=C(O)CCS[*:1],O=C(O)[*:1],0.4,Clc1ccc([*:1])cc1
675,2296,OADMET-0005414,OADMET-0003065,4.42,5.14,0.7199999999999998,-0.7199999999999998,4.779999999999999,c1cc2ncc([*:1])cc2[nH]1,Cc1ccc(F)c(Br)c1[*:1],0.4461538461538462,CC(C)(CNC(=O)[*:1])C1CCOCC1
2845,2896,OADMET-0002303,OADMET-0002252,2.76,2.04,0.7199999999999998,0.7199999999999998,2.4,CO[*:1],O=C(c1ccccc1)[*:1],0.5806451612903226,O=C(O)COc1ccc([*:1])cc1
3668,3669,OADMET-0001413,OADMET-0001412,3.4,4.11,0.7100000000000004,-0.7100000000000004,3.755,c1cc2cc([*:1])ccc2[nH]1,c1cc2ccc([*:1])cc2[nH]1,0.8870967741935484,O=C(N1CCC(Cc2nncn2Cc2ccccc2)C1)[*:1]
2979,3006,OADMET-0002169,OADMET-0002142,2.86,2.15,0.71,0.71,2.505,CC(C)(C)[*:1],FC(F)(F)[*:1],0.6,O=C(O)c1ccc([*:1])cc1
2835,2972,OADMET-0002313,OADMET-0002176,2.02,2.73,0.71,-0.71,2.375,NC[*:1],O=C(O)[*:1],0.3870967741935484,COc1ccccc1[*:1]
717,1280,OADMET-0005372,OADMET-0004809,5.23,4.53,0.7000000000000002,0.7000000000000002,4.880000000000001,Cc1cc([*:1])cnc1C,CCn1ncc(C)c1[*:1],0.5818181818181818,O=S(=O)(CCc1cccc(F)c1)N[*:1]
656,657,OADMET-0005433,OADMET-0005432,4.78,5.48,0.7000000000000002,-0.7000000000000002,5.130000000000001,CC(C)Cn1cc([*:1])cn1,Cc1c([*:1])nnn1C(C)C,0.5483870967741935,CC1(C)CCCC(CNC(=O)[*:1])O1
3402,3419,OADMET-0001694,OADMET-0001677,3.67,2.97,0.6999999999999997,0.6999999999999997,3.3200000000000003,Brc1ccc([*:1])s1,NC(=O)C1CCCN1[*:1],0.3728813559322034,O=Cc1c([*:1])nc2ccccn12
2982,3078,OADMET-0002166,OADMET-0002070,2.22,2.92,0.6999999999999997,-0.6999999999999997,2.5700000000000003,N[C@H](CO)[C@H](O)[*:1],C1CN([*:1])CCN1,0.3023255813953488,O=[N+]([O-])c1ccc([*:1])cc1
3330,3471,OADMET-0001778,OADMET-0001625,2.28,2.97,0.6900000000000004,-0.6900000000000004,2.625,CCc1nnc(C[*:1])s1,C1CCc2oc([*:1])nc2C1,0.4032258064516129,C=CC(=O)N1CCC(C(=O)N[*:1])CC1
3458,3471,OADMET-0001638,OADMET-0001625,2.28,2.97,0.6900000000000004,-0.6900000000000004,2.625,CC(O)(C[*:1])C1CCCC1,C1CCc2oc([*:1])nc2C1,0.4,C=CC(=O)N1CCC(C(=O)N[*:1])CC1
3626,3627,OADMET-0001459,OADMET-0001458,3.69,3.0,0.69,0.69,3.3449999999999998,Cc1ncoc1[*:1],Cn1cnc([*:1])c1,0.6911764705882353,O=C(C1CC1)N1CCCC(N(CCNC(=O)[*:1])C2CCOCC2)C1
3155,3174,OADMET-0001993,OADMET-0001974,2.98,3.67,0.69,-0.69,3.325,CN1CCCCC1[*:1],C1CCN(C[*:1])C1,0.5,Cc1cccc(C)c1NC(=O)[*:1]
1837,3098,OADMET-0003538,OADMET-0002050,2.57,1.88,0.69,0.69,2.2249999999999996,NS(=O)(=O)[*:1],CC(C)(C)[*:1],0.39285714285714285,NCc1ccc([*:1])cc1
2908,2971,OADMET-0002240,OADMET-0002177,3.05,2.36,0.69,0.69,2.705,O=C(N[*:1])c1ccco1,CCCCO[*:1],0.27906976744186046,O=C(O)c1ccc([*:1])cc1
3039,3064,OADMET-0002109,OADMET-0002084,2.53,1.84,0.6899999999999997,0.6899999999999997,2.185,CO[*:1],c1cncc([*:1])c1,0.26666666666666666,Nc1ccc([*:1])cc1
2772,2811,OADMET-0002579,OADMET-0002538,5.15,5.835,0.6849999999999996,-0.6849999999999996,5.4925,c1oc(C2CC2)nc1[*:1],CC(C)(C)c1csc([*:1])n1,0.49206349206349204,COc1ccccc1-c1cn(C[*:1])nn1
2956,2957,OADMET-0002192,OADMET-0002191,3.05,3.73,0.6800000000000002,-0.6800000000000002,3.3899999999999997,O=C(O)C[*:1],O=C(O)CC[*:1],0.6551724137931034,Clc1ccc(S[*:1])cc1
2128,2429,OADMET-0003239,OADMET-0002929,3.78,3.1,0.6799999999999997,0.6799999999999997,3.44,CCc1cc([*:1])no1,c1c([*:1])nn2c1CCCC2,0.6060606060606061,O=C(N[*:1])N1CCN(c2ncnc3sccc23)CC1
2845,3060,OADMET-0002303,OADMET-0002088,2.76,2.08,0.6799999999999997,0.6799999999999997,2.42,O=C(O)CO[*:1],C1CN(C[*:1])CCN1,0.3076923076923077,COc1ccc([*:1])cc1
3416,3574,OADMET-0001680,OADMET-0001513,4.31,4.98,0.6700000000000008,-0.6700000000000008,4.645,Brc1ccc(O[*:1])cc1,Clc1ccc(S[*:1])cc1,0.4528301886792453,Cc1nn(-c2ccccc2)c([*:1])c1C=O
2947,3078,OADMET-0002201,OADMET-0002070,2.25,2.92,0.6699999999999999,-0.6699999999999999,2.585,O=C(O)CO[*:1],C1CN([*:1])CCN1,0.3170731707317073,O=[N+]([O-])c1ccc([*:1])cc1
3225,3268,OADMET-0001919,OADMET-0001869,1.88,2.54,0.6600000000000001,-0.6600000000000001,2.21,c1ccc([*:1])cc1,Oc1ccc([*:1])cc1,0.7857142857142857,O=C(N[*:1])c1ccccc1O
3146,3148,OADMET-0002002,OADMET-0002000,2.58,1.92,0.6600000000000001,0.6600000000000001,2.25,C(CN1CCOCC1)C[*:1],OCC[*:1],0.5121951219512195,O=C(N[*:1])c1ccc(Cl)cc1
1671,2836,OADMET-0003712,OADMET-0002312,1.81,2.47,0.6600000000000001,-0.6600000000000001,2.14,Nc1ncc(C[*:1])c(N)n1,NCC[*:1],0.43902439024390244,COc1ccc([*:1])cc1OC
740,857,OADMET-0005349,OADMET-0005232,4.8,5.45,0.6500000000000004,-0.6500000000000004,5.125,CC(C)c1nccn1C[*:1],C1CCc2c(noc2[*:1])C1,0.5,O=C(N1Cc2ncccc2N2CCC[C@H]2C1)[*:1]
2863,2979,OADMET-0002285,OADMET-0002169,2.21,2.86,0.6499999999999999,-0.6499999999999999,2.535,CCO[*:1],CC(C)(C)[*:1],0.43333333333333335,O=C(O)c1ccc([*:1])cc1
3154,3267,OADMET-0001994,OADMET-0001870,3.47,4.12,0.6499999999999999,-0.6499999999999999,3.795,Brc1cc([*:1])sc1Br,Oc1c(Br)cc(Br)cc1[*:1],0.5,O=C(Nc1ccc(Br)cc1)[*:1]
1835,2972,OADMET-0003540,OADMET-0002176,2.09,2.73,0.6400000000000001,-0.6400000000000001,2.41,CNC(C)C[*:1],O=C(O)[*:1],0.32432432432432434,COc1ccccc1[*:1]
2831,2901,OADMET-0002317,OADMET-0002247,1.92,2.55,0.6299999999999999,-0.6299999999999999,2.235,c1nnnn1[*:1],O=[N+]([O-])[*:1],0.34285714285714286,O=C(O)c1ccc([*:1])cc1
2848,2972,OADMET-0002300,OADMET-0002176,2.1,2.73,0.6299999999999999,-0.6299999999999999,2.415,CCO[*:1],CO[*:1],0.6206896551724138,O=C(O)c1ccccc1[*:1]
3338,3509,OADMET-0001770,OADMET-0001586,1.94,2.57,0.6299999999999999,-0.6299999999999999,2.255,Cc1nsc([*:1])c1C#N,Brc1n[nH]c([*:1])n1,0.49230769230769234,C=CC(=O)N1CCCC(C(=O)N2CCN([*:1])CC2)C1
2954,3148,OADMET-0002194,OADMET-0002000,2.54,1.92,0.6200000000000001,0.6200000000000001,2.23,O=C(O)C[*:1],O=C(NCCO)[*:1],0.36363636363636365,Clc1ccc([*:1])cc1
3161,3186,OADMET-0001987,OADMET-0001962,2.45,1.84,0.6100000000000001,0.6100000000000001,2.145,CC(C)N(CC[*:1])C(C)C,Cc1cccc(C)c1[*:1],0.46,O=C(CN1CCCC1=O)N[*:1]
2880,3190,OADMET-0002268,OADMET-0001957,2.5,1.89,0.6100000000000001,0.6100000000000001,2.195,O=C(O)CC[*:1],O=C(CC[*:1])NCCO,0.4642857142857143,CCCCCCCCCCCCC[*:1]
3546,3582,OADMET-0001547,OADMET-0001505,3.25,3.86,0.6099999999999999,-0.6099999999999999,3.5549999999999997,c1cnc(S[*:1])nc1,c1ccc(CN[*:1])cc1,0.5,Cc1cccn2c(=O)c(C=O)c([*:1])nc12
2875,3002,OADMET-0002273,OADMET-0002146,2.48,1.87,0.6099999999999999,0.6099999999999999,2.175,CO[*:1],N#C[*:1],0.5,O=C(O)c1cccc([*:1])c1
2973,2976,OADMET-0002175,OADMET-0002172,3.03,2.42,0.6099999999999999,0.6099999999999999,2.7249999999999996,c1nnnn1[*:1],CN(C)S(=O)(=O)[*:1],0.3488372093023256,O=C(O)c1cccc([*:1])c1
2859,3418,OADMET-0002289,OADMET-0001678,2.97,2.37,0.6000000000000001,0.6000000000000001,2.67,O=C(O)C[*:1],O=Cc1ccc([*:1])nc1,0.358974358974359,Brc1ccc(O[*:1])cc1
2954,3075,OADMET-0002194,OADMET-0002073,2.54,1.94,0.6000000000000001,0.6000000000000001,2.24,O=C(O)C[*:1],Nc1ccccc1[*:1],0.24242424242424243,Clc1ccc([*:1])cc1
2871,2979,OADMET-0002277,OADMET-0002169,2.26,2.86,0.6000000000000001,-0.6000000000000001,2.5599999999999996,CO[*:1],CC(C)(C)[*:1],0.48148148148148145,O=C(O)c1ccc([*:1])cc1
1591,1605,OADMET-0003796,OADMET-0003781,4.86,5.46,0.5999999999999996,-0.5999999999999996,5.16,C/C(C=C[*:1])=C\CO,C/C(C=C[*:1])=C/C(=O)O,0.6956521739130435,CC(=C[*:1])/C=C/C1=C(C)CCCC1(C)C
864,2483,OADMET-0005225,OADMET-0002873,4.62,5.22,0.5999999999999996,-0.5999999999999996,4.92,COC(C[*:1])C1CCOC1,Cc1nccnc1C(C)[*:1],0.42857142857142855,O=C(N[*:1])c1ccccc1-c1ccc(C(F)(F)F)cc1
2977,3015,OADMET-0002171,OADMET-0002133,3.36,3.95,0.5900000000000003,-0.5900000000000003,3.6550000000000002,O=C(O)[*:1],C1CN([*:1])CCN1,0.2903225806451613,c1ccc(C(c2ccccc2)[*:1])cc1
109,2626,OADMET-0005980,OADMET-0002726,4.42,5.01,0.5899999999999999,-0.5899999999999999,4.715,Cn1ccnc([*:1])c1=O,Cc1nsc([*:1])c1C#N,0.5671641791044776,Cc1nn(C)c2nc(C3CC3)cc(C(=O)N[*:1])c12
2843,2997,OADMET-0002305,OADMET-0002151,2.18,2.77,0.5899999999999999,-0.5899999999999999,2.475,c1csc([*:1])c1,c1ccc([*:1])cc1,0.5882352941176471,O=C(O)c1cc([*:1])on1
2871,2942,OADMET-0002277,OADMET-0002206,2.26,2.84,0.5800000000000001,-0.5800000000000001,2.55,O=C(O)[*:1],O=C(O)c1cc([*:1])n[nH]1,0.4444444444444444,COc1ccc([*:1])cc1
2988,3031,OADMET-0002160,OADMET-0002117,1.82,2.4,0.5799999999999998,-0.5799999999999998,2.11,NCC[*:1],NCCC[*:1],0.7272727272727273,C1CN([*:1])CCO1
1554,2730,OADMET-0003884,OADMET-0002621,4.58,5.15,0.5700000000000003,-0.5700000000000003,4.865,COc1ccc([*:1])cc1Cl,CSC(c1ccccc1)[*:1],0.5797101449275363,Cn1cc(S(=O)(=O)NCC(NC(=O)[*:1])c2ccccc2)cn1
2968,2970,OADMET-0002180,OADMET-0002178,1.89,2.45,0.5600000000000003,-0.5600000000000003,2.17,C1CCN([*:1])C1,COC(=O)[*:1],0.25806451612903225,C1CC([*:1])CCN1
2845,3068,OADMET-0002303,OADMET-0002080,2.76,3.32,0.56,-0.56,3.04,O=C(O)CO[*:1],NCC1([*:1])CCOCC1,0.2926829268292683,COc1ccc([*:1])cc1
2871,2984,OADMET-0002277,OADMET-0002164,2.26,2.82,0.56,-0.56,2.54,O=C(O)[*:1],O=C(O)CCC[*:1],0.46875,COc1ccc([*:1])cc1
2976,3002,OADMET-0002172,OADMET-0002146,2.42,1.87,0.5499999999999998,0.5499999999999998,2.145,CN(C)S(=O)(=O)[*:1],N#C[*:1],0.40540540540540543,O=C(O)c1cccc([*:1])c1
2875,2973,OADMET-0002273,OADMET-0002175,2.48,3.03,0.5499999999999998,-0.5499999999999998,2.755,CO[*:1],c1nnnn1[*:1],0.38461538461538464,O=C(O)c1cccc([*:1])c1
1804,3201,OADMET-0003574,OADMET-0001945,2.36,1.81,0.5499999999999998,0.5499999999999998,2.085,Nc1ncc(C[*:1])c(N)n1,O=C(N1CCOCC1)[*:1],0.24528301886792453,COc1cc([*:1])cc(OC)c1OC
2916,3006,OADMET-0002232,OADMET-0002142,2.69,2.15,0.54,0.54,2.42,CC(=O)N[*:1],FC(F)(F)[*:1],0.4,O=C(O)c1ccc([*:1])cc1
870,1071,OADMET-0005219,OADMET-0005018,4.16,4.7,0.54,-0.54,4.43,Cc1ccc([*:1])cn1,CC(=O)NC(C)[*:1],0.532258064516129,CC(Oc1ccc(Br)cc1Cl)c1noc([*:1])n1
848,1408,OADMET-0005241,OADMET-0004681,4.3,4.84,0.54,-0.54,4.57,c1cc2cc([*:1])ncn2c1,c1cc([*:1])c(C2CC2)[nH]1,0.5303030303030303,O=C1NCCCN(C(=O)[*:1])C1Cc1ccccc1
3174,3202,OADMET-0001974,OADMET-0001944,3.67,3.13,0.54,0.54,3.4,C1CCN(C[*:1])C1,CCN(CC)C[*:1],0.5,Cc1cccc(C)c1NC(=O)[*:1]
1735,3174,OADMET-0003646,OADMET-0001974,4.21,3.67,0.54,0.54,3.94,CCCN1CCCC[C@@H]1[*:1],C1CCN(C[*:1])C1,0.48936170212765956,Cc1cccc(C)c1NC(=O)[*:1]
3211,3255,OADMET-0001934,OADMET-0001883,5.29,4.75,0.54,0.54,5.02,Clc1cccc([*:1])c1,c1ccc2sc([*:1])nc2c1,0.5517241379310345,O=C(CCn1c(=O)oc2ccccc21)N[*:1]
1652,1735,OADMET-0003731,OADMET-0003646,4.74,4.21,0.5300000000000002,0.5300000000000002,4.475,CCCC[*:1],CCC[*:1],0.8604651162790697,Cc1cccc(C)c1NC(=O)[C@@H]1CCCCN1[*:1]
3672,3675,OADMET-0001408,OADMET-0001405,5.27,5.8,0.5300000000000002,-0.5300000000000002,5.535,c1c([*:1])n[nH]c1C1CC1,c1ccc2c([*:1])n[nH]c2c1,0.6285714285714286,CCCN1C(=O)CC[C@]2(CNC(=O)[*:1])CCC[C@@H]12
2825,2875,OADMET-0002323,OADMET-0002273,1.96,2.48,0.52,-0.52,2.2199999999999998,O=S(=O)(N1CCOCC1)[*:1],CO[*:1],0.3488372093023256,O=C(O)c1cccc([*:1])c1
3625,3627,OADMET-0001460,OADMET-0001458,2.48,3.0,0.52,-0.52,2.74,c1nc2cc([*:1])ccc2[nH]1,Cn1cnc([*:1])c1,0.6133333333333333,O=C(C1CC1)N1CCCC(N(CCNC(=O)[*:1])C2CCOCC2)C1
2876,2975,OADMET-0002272,OADMET-0002173,3.13,2.61,0.52,0.52,2.87,O=C(N[*:1])c1ccco1,CC(=O)O[*:1],0.30952380952380953,O=C(O)c1ccccc1[*:1]
3330,3430,OADMET-0001778,OADMET-0001666,2.28,1.76,0.5199999999999998,0.5199999999999998,2.02,CCc1nnc(C[*:1])s1,OCCC(c1cccs1)[*:1],0.4,C=CC(=O)N1CCC(C(=O)N[*:1])CC1
3430,3458,OADMET-0001666,OADMET-0001638,1.76,2.28,0.5199999999999998,-0.5199999999999998,2.02,OCCC(c1cccs1)[*:1],CC(O)(C[*:1])C1CCCC1,0.375,C=CC(=O)N1CCC(C(=O)N[*:1])CC1
1795,3017,OADMET-0003583,OADMET-0002131,2.59,3.1,0.5100000000000002,-0.5100000000000002,2.8449999999999998,C#CCN(C)[*:1],C1CC([*:1])CCN1,0.23684210526315788,c1ccc(C[*:1])cc1
2838,2875,OADMET-0002310,OADMET-0002273,1.97,2.48,0.51,-0.51,2.225,CN(C)[*:1],CO[*:1],0.5,O=C(O)c1cccc([*:1])c1
2954,2956,OADMET-0002194,OADMET-0002192,2.54,3.05,0.5099999999999998,-0.5099999999999998,2.795,O=C(O)C[*:1],O=C(O)CS[*:1],0.4827586206896552,Clc1ccc([*:1])cc1
303,333,OADMET-0005786,OADMET-0005756,5.05,4.54,0.5099999999999998,0.5099999999999998,4.795,CC(N1CCCCC1=O)[*:1],CCc1cnc([*:1])s1,0.45454545454545453,O=S(=O)(NC[*:1])c1cnn(-c2ccccc2)c1
2848,2975,OADMET-0002300,OADMET-0002173,2.1,2.61,0.5099999999999998,-0.5099999999999998,2.355,CCO[*:1],CC(=O)O[*:1],0.5806451612903226,O=C(O)c1ccccc1[*:1]
2845,2947,OADMET-0002303,OADMET-0002201,2.76,2.25,0.5099999999999998,0.5099999999999998,2.505,CO[*:1],O=[N+]([O-])[*:1],0.5625,O=C(O)COc1ccc([*:1])cc1
2845,2871,OADMET-0002303,OADMET-0002277,2.76,2.26,0.5,0.5,2.51,O=C(O)CO[*:1],O=C(O)[*:1],0.5357142857142857,COc1ccc([*:1])cc1
2984,3068,OADMET-0002164,OADMET-0002080,2.82,3.32,0.5,-0.5,3.07,O=C(O)CCC[*:1],NCC1([*:1])CCOCC1,0.26666666666666666,COc1ccc([*:1])cc1
2912,2976,OADMET-0002236,OADMET-0002172,2.92,2.42,0.5,0.5,2.67,c1coc([*:1])c1,CN(C)S(=O)(=O)[*:1],0.36585365853658536,O=C(O)c1cccc([*:1])c1
2971,2979,OADMET-0002177,OADMET-0002169,2.36,2.86,0.5,-0.5,2.61,CCCCO[*:1],CC(C)(C)[*:1],0.40625,O=C(O)c1ccc([*:1])cc1
96,275,OADMET-0005993,OADMET-0005814,5.08,4.58,0.5,0.5,4.83,Cn1c([*:1])cccc1=O,O=S1(=O)CCCC1[*:1],0.48333333333333334,Fc1ccc(C2(c3noc([*:1])n3)CCC2)cc1
2901,2908,OADMET-0002247,OADMET-0002240,2.55,3.05,0.5,-0.5,2.8,O=[N+]([O-])[*:1],O=C(N[*:1])c1ccco1,0.3076923076923077,O=C(O)c1ccc([*:1])cc1
991,2007,OADMET-0005098,OADMET-0003365,5.09,5.58,0.4900000000000002,-0.4900000000000002,5.335,Cc1cc(=O)c([*:1])c[nH]1,CC(C)(C)S(=O)(=O)C[*:1],0.5,CC(C)C1CCc2ccccc2C1NC(=O)[*:1]
1804,2928,OADMET-0003574,OADMET-0002220,2.36,1.88,0.48,0.48,2.12,Nc1ncc(C[*:1])c(N)n1,O=C(O)[*:1],0.3023255813953488,COc1cc([*:1])cc(OC)c1OC
2820,2962,OADMET-0002328,OADMET-0002186,3.31,3.79,0.48,-0.48,3.55,Cc1ccc([*:1])o1,CCCCO[*:1],0.44,O=C(O)c1cc([*:1])nc2ccccc12
3884,4075,OADMET-0001182,OADMET-0000991,2.69,3.17,0.48,-0.48,2.9299999999999997,Cc1cc(C[*:1])on1,O=C(O)c1n[nH]cc1C[*:1],0.46551724137931033,c1nnc(C2CCN([*:1])CC2)[nH]1
2983,3086,OADMET-0002165,OADMET-0002062,2.92,2.44,0.48,0.48,2.6799999999999997,CN1CCN(C[*:1])CC1,O=[N+]([O-])[*:1],0.35555555555555557,Nc1ccc([*:1])c(C(F)(F)F)c1
2863,2916,OADMET-0002285,OADMET-0002232,2.21,2.69,0.48,-0.48,2.45,CCO[*:1],CC(=O)N[*:1],0.40625,O=C(O)c1ccc([*:1])cc1
2942,3068,OADMET-0002206,OADMET-0002080,2.84,3.32,0.48,-0.48,3.08,O=C(O)c1cc([*:1])n[nH]1,NCC1([*:1])CCOCC1,0.21568627450980393,COc1ccc([*:1])cc1
1744,1761,OADMET-0003637,OADMET-0003618,3.88,4.35,0.46999999999999975,-0.46999999999999975,4.115,O=S(C[*:1])c1ccccc1,CCC[*:1],0.5526315789473685,O=C1C(C[*:1])C(=O)N(c2ccccc2)N1c1ccccc1
1795,3084,OADMET-0003583,OADMET-0002064,2.59,2.12,0.46999999999999975,0.46999999999999975,2.355,C#CCN(C)[*:1],NC[*:1],0.2903225806451613,c1ccc(C[*:1])cc1
2954,3005,OADMET-0002194,OADMET-0002143,2.54,3.01,0.46999999999999975,-0.46999999999999975,2.775,O=C(O)C[*:1],O=C(O)[*:1],0.48,Clc1ccc([*:1])cc1
178,2597,OADMET-0005911,OADMET-0002757,5.23,4.77,0.46000000000000085,0.46000000000000085,5.0,OC1CC([*:1])C12CCC2,c1cc([*:1])n(C2CCC2)n1,0.3898305084745763,O=S(=O)(N[*:1])c1ccc2c(c1)CCCC2
2005,2207,OADMET-0003367,OADMET-0003159,5.56,5.1,0.45999999999999996,0.45999999999999996,5.33,CC(C)n1nnc([*:1])n1,c1nc(C2CC2)ncc1[*:1],0.532258064516129,O=C(N[*:1])N1CC2(CCC2)C1c1ccccc1
2875,2884,OADMET-0002273,OADMET-0002264,2.48,2.02,0.45999999999999996,0.45999999999999996,2.25,CO[*:1],O=[N+]([O-])[*:1],0.4411764705882353,O=C(O)c1cccc([*:1])c1
2825,2976,OADMET-0002323,OADMET-0002172,1.96,2.42,0.45999999999999996,-0.45999999999999996,2.19,O=S(=O)(N1CCOCC1)[*:1],CN(C)S(=O)(=O)[*:1],0.47619047619047616,O=C(O)c1cccc([*:1])c1
2838,2976,OADMET-0002310,OADMET-0002172,1.97,2.42,0.44999999999999996,-0.44999999999999996,2.195,CN(C)[*:1],CN(C)S(=O)(=O)[*:1],0.5294117647058824,O=C(O)c1cccc([*:1])c1
3036,3039,OADMET-0002112,OADMET-0002109,2.97,2.53,0.4400000000000004,0.4400000000000004,2.75,FC(F)(F)[*:1],CO[*:1],0.3333333333333333,Nc1ccc([*:1])cc1
2831,2971,OADMET-0002317,OADMET-0002177,1.92,2.36,0.43999999999999995,-0.43999999999999995,2.1399999999999997,c1nnnn1[*:1],CCCCO[*:1],0.3076923076923077,O=C(O)c1ccc([*:1])cc1
2875,2912,OADMET-0002273,OADMET-0002236,2.48,2.92,0.43999999999999995,-0.43999999999999995,2.7,CO[*:1],c1coc([*:1])c1,0.40540540540540543,O=C(O)c1cccc([*:1])c1
2871,2916,OADMET-0002277,OADMET-0002232,2.26,2.69,0.43000000000000016,-0.43000000000000016,2.4749999999999996,CO[*:1],CC(=O)N[*:1],0.4482758620689655,O=C(O)c1ccc([*:1])cc1
2837,3039,OADMET-0002311,OADMET-0002109,2.95,2.53,0.4200000000000004,0.4200000000000004,2.74,C1CCN([*:1])CC1,CO[*:1],0.2857142857142857,Nc1ccc([*:1])cc1
81,424,OADMET-0006008,OADMET-0005665,4.81,4.39,0.41999999999999993,0.41999999999999993,4.6,CCc1nocc1C[*:1],Cc1cnc(C(C)[*:1])cn1,0.375,COc1ccccc1-c1cn([*:1])nn1
421,2439,OADMET-0005668,OADMET-0002919,5.27,4.85,0.41999999999999993,0.41999999999999993,5.06,CC(C)(n1cccn1)[*:1],Cc1ccccc1[*:1],0.559322033898305,O=C(N1CCCC(CO)(Cc2ccccc2)C1)[*:1]
2997,3001,OADMET-0002151,OADMET-0002147,2.77,3.19,0.41999999999999993,-0.41999999999999993,2.98,c1ccc([*:1])cc1,c1coc([*:1])c1,0.6060606060606061,O=C(O)c1cc([*:1])on1
1795,2952,OADMET-0003583,OADMET-0002196,2.59,3.01,0.41999999999999993,-0.41999999999999993,2.8,C#CCN(C)[*:1],O=C(O)C[*:1],0.2647058823529412,c1ccc(C[*:1])cc1
732,2079,OADMET-0005357,OADMET-0003289,4.78,5.2,0.41999999999999993,-0.41999999999999993,4.99,Cc1nnccc1[*:1],C[C@@H](c1ccc(Cl)cc1)[*:1],0.5084745762711864,CC(C)(C)c1coc(CNC(=O)N[*:1])n1
956,2507,OADMET-0005133,OADMET-0002849,5.03,5.44,0.41000000000000014,-0.41000000000000014,5.235,CC(C)(NS(C)(=O)=O)[*:1],C1CCC(OC[*:1])OC1,0.4375,COc1ccccc1C(C)(C)n1cc([*:1])nn1
2815,2966,OADMET-0002333,OADMET-0002182,2.17,2.58,0.41000000000000014,-0.41000000000000014,2.375,C1CN([*:1])CCN1,O=C(O)CO[*:1],0.21621621621621623,Fc1ccc([*:1])cc1
3115,3197,OADMET-0002033,OADMET-0001949,3.88,3.47,0.4099999999999997,0.4099999999999997,3.675,CCOc1ccccc1[*:1],COc1ccc(Cl)cc1[*:1],0.5714285714285714,NS(=O)(=O)c1ccc(CCNC(=O)[*:1])cc1
81,903,OADMET-0006008,OADMET-0005186,4.81,4.4,0.40999999999999925,0.40999999999999925,4.605,CCc1nocc1[*:1],C1CCc2oc([*:1])nc2C1,0.5081967213114754,COc1ccccc1-c1cn(C[*:1])nn1
2836,2909,OADMET-0002312,OADMET-0002239,2.47,2.07,0.40000000000000036,0.40000000000000036,2.27,NCC[*:1],O=C(O)[*:1],0.38235294117647056,COc1ccc([*:1])cc1OC
2901,3006,OADMET-0002247,OADMET-0002142,2.55,2.15,0.3999999999999999,0.3999999999999999,2.3499999999999996,O=[N+]([O-])[*:1],FC(F)(F)[*:1],0.41379310344827586,O=C(O)c1ccc([*:1])cc1
2836,2839,OADMET-0002312,OADMET-0002309,2.47,2.87,0.3999999999999999,-0.3999999999999999,2.67,NCC[*:1],O=C(O)CC[*:1],0.5757575757575758,COc1ccc([*:1])cc1OC
2876,2972,OADMET-0002272,OADMET-0002176,3.13,2.73,0.3999999999999999,0.3999999999999999,2.9299999999999997,O=C(N[*:1])c1ccco1,CO[*:1],0.325,O=C(O)c1ccccc1[*:1]
2884,2976,OADMET-0002264,OADMET-0002172,2.02,2.42,0.3999999999999999,-0.3999999999999999,2.2199999999999998,O=[N+]([O-])[*:1],CN(C)S(=O)(=O)[*:1],0.39473684210526316,O=C(O)c1cccc([*:1])c1
3253,3273,OADMET-0001885,OADMET-0001864,3.1,3.49,0.3900000000000001,-0.3900000000000001,3.295,c1csc([*:1])c1,c1ccc([*:1])cc1,0.7272727272727273,O=C(NCCCn1ccnc1)c1cc([*:1])on1
2906,3031,OADMET-0002242,OADMET-0002117,2.01,2.4,0.3900000000000001,-0.3900000000000001,2.205,O=C(O)C[*:1],NCCC[*:1],0.3793103448275862,C1CN([*:1])CCO1
1628,2871,OADMET-0003755,OADMET-0002277,1.87,2.26,0.3899999999999997,-0.3899999999999997,2.065,CC=C[*:1],O=C(O)[*:1],0.3793103448275862,COc1ccc([*:1])cc1
1795,2844,OADMET-0003583,OADMET-0002304,2.59,2.2,0.3899999999999997,0.3899999999999997,2.395,C#CCN(C)[*:1],NCC[*:1],0.2727272727272727,c1ccc(C[*:1])cc1
2858,3052,OADMET-0002290,OADMET-0002096,2.12,2.51,0.3899999999999997,-0.3899999999999997,2.315,O=C(O)[*:1],NC[*:1],0.32142857142857145,c1csc([*:1])c1
1615,3078,OADMET-0003768,OADMET-0002070,2.54,2.92,0.3799999999999999,-0.3799999999999999,2.73,c1ccc([*:1])cc1,C1CN([*:1])CCN1,0.38235294117647056,O=[N+]([O-])c1ccc([*:1])cc1
441,484,OADMET-0005648,OADMET-0005605,4.53,4.91,0.3799999999999999,-0.3799999999999999,4.720000000000001,Cc1nc([*:1])cs1,CC(C)n1cc([*:1])cn1,0.5283018867924528,COc1cccc(OC)c1C(=O)NC(C)[*:1]
2956,3051,OADMET-0002192,OADMET-0002097,3.05,2.67,0.3799999999999999,0.3799999999999999,2.86,O=C(O)CS[*:1],NC[*:1],0.3,Clc1ccc([*:1])cc1
469,601,OADMET-0005620,OADMET-0005488,4.67,5.04,0.3700000000000001,-0.3700000000000001,4.855,COc1cc([*:1])ccc1C,c1ccc2[nH]c([*:1])cc2c1,0.5303030303030303,O=C(NCCN1CCc2sccc2C1)[*:1]
902,2700,OADMET-0005187,OADMET-0002651,5.2,5.57,0.3700000000000001,-0.3700000000000001,5.385,CC(N[*:1])c1cccnc1,CC1CC1CNC(=O)N[*:1],0.45161290322580644,CN(C(=O)[C@H](Cc1ccccc1)[*:1])c1ccccc1
2901,3078,OADMET-0002247,OADMET-0002070,2.55,2.92,0.3700000000000001,-0.3700000000000001,2.735,O=C(O)[*:1],C1CN([*:1])CCN1,0.37142857142857144,O=[N+]([O-])c1ccc([*:1])cc1
2950,3031,OADMET-0002198,OADMET-0002117,2.77,2.4,0.3700000000000001,0.3700000000000001,2.585,O=C(O)CC[*:1],NC[*:1],0.5,C1CN(CC[*:1])CCO1
2487,2518,OADMET-0002869,OADMET-0002838,5.51,5.14,0.3700000000000001,0.3700000000000001,5.324999999999999,c1cnc(S[*:1])nc1,O=c1n(C2CC2)nnn1[*:1],0.4339622641509434,O=C(C[*:1])N1c2ccccc2CCc2ccccc21
3895,4010,OADMET-0001171,OADMET-0001056,3.55,3.92,0.3700000000000001,-0.3700000000000001,3.735,Nc1nnnn1C[*:1],CN(C)Cc1ccc([*:1])o1,0.46875,CCCCC(=O)Nc1ccc(C)cc1NC(=O)[*:1]
1708,3006,OADMET-0003674,OADMET-0002142,1.78,2.15,0.3699999999999999,-0.3699999999999999,1.9649999999999999,CC(O)=C(C#N)C(=O)N[*:1],O=C(O)[*:1],0.38461538461538464,FC(F)(F)c1ccc([*:1])cc1
2911,2977,OADMET-0002237,OADMET-0002171,3.72,3.36,0.3600000000000003,0.3600000000000003,3.54,c1ccc(S[*:1])cc1,c1ccc([*:1])cc1,0.48148148148148145,O=C(O)C(c1ccccc1)[*:1]
2853,2970,OADMET-0002295,OADMET-0002178,2.09,2.45,0.3600000000000003,-0.3600000000000003,2.27,NC(=O)[*:1],COC(=O)[*:1],0.5,C1CC([*:1])CCN1
2908,2916,OADMET-0002240,OADMET-0002232,3.05,2.69,0.3599999999999999,0.3599999999999999,2.87,O=C(N[*:1])c1ccco1,CC(=O)N[*:1],0.4857142857142857,O=C(O)c1ccc([*:1])cc1
1836,3042,OADMET-0003539,OADMET-0002106,2.38,2.02,0.3599999999999999,0.3599999999999999,2.2,CNCC[*:1],NC[*:1],0.4827586206896552,c1ccc([*:1])nc1
2990,3215,OADMET-0002158,OADMET-0001930,3.27,3.63,0.3599999999999999,-0.3599999999999999,3.45,O=C(O)[*:1],CN1CCN(C(=O)[*:1])CC1,0.6458333333333334,CC(C)(C)c1ccc(OCc2ccc([*:1])o2)cc1
2958,3544,OADMET-0002190,OADMET-0001549,2.93,2.58,0.3500000000000001,0.3500000000000001,2.755,O=C(O)[*:1],O=Cc1ccc(CO[*:1])o1,0.36,O=[N+]([O-])c1cc(Cl)ccc1[*:1]
2389,2569,OADMET-0002971,OADMET-0002786,5.79,6.14,0.34999999999999964,-0.34999999999999964,5.965,CC(C)(C)c1nc([*:1])no1,CCc1noc(C)c1[*:1],0.543859649122807,CC1C(=O)N(C[*:1])C(=O)c2ccccc21
2898,3198,OADMET-0002250,OADMET-0001948,4.14,4.48,0.34000000000000075,-0.34000000000000075,4.3100000000000005,O=C(O)C[*:1],O=C(C[*:1])N1CCOCC1,0.7068965517241379,COc1ccc2c(c1)c([*:1])c(C)n2C(=O)c1ccc(Cl)cc1
81,2772,OADMET-0006008,OADMET-0002579,4.81,5.15,0.34000000000000075,-0.34000000000000075,4.98,CCc1nocc1[*:1],c1oc(C2CC2)nc1[*:1],0.5245901639344263,COc1ccccc1-c1cn(C[*:1])nn1
1837,2847,OADMET-0003538,OADMET-0002301,2.57,2.91,0.3400000000000003,-0.3400000000000003,2.74,NC[*:1],NCC[*:1],0.68,NS(=O)(=O)c1ccc([*:1])cc1
2917,2977,OADMET-0002231,OADMET-0002171,3.7,3.36,0.3400000000000003,0.3400000000000003,3.5300000000000002,O=C(O)C[*:1],O=C(O)[*:1],0.5,c1ccc(C(c2ccccc2)[*:1])cc1
3005,3051,OADMET-0002143,OADMET-0002097,3.01,2.67,0.33999999999999986,0.33999999999999986,2.84,O=C(O)[*:1],NC[*:1],0.32,Clc1ccc([*:1])cc1
2863,2901,OADMET-0002285,OADMET-0002247,2.21,2.55,0.33999999999999986,-0.33999999999999986,2.38,CCO[*:1],O=[N+]([O-])[*:1],0.375,O=C(O)c1ccc([*:1])cc1
2831,2871,OADMET-0002317,OADMET-0002277,1.92,2.26,0.33999999999999986,-0.33999999999999986,2.09,c1nnnn1[*:1],CO[*:1],0.35294117647058826,O=C(O)c1ccc([*:1])cc1
2819,2844,OADMET-0002329,OADMET-0002304,1.87,2.2,0.33000000000000007,-0.33000000000000007,2.035,O=C(O)CS[*:1],NCCC[*:1],0.22580645161290322,c1ccc([*:1])cc1
2954,3020,OADMET-0002194,OADMET-0002128,2.54,2.87,0.33000000000000007,-0.33000000000000007,2.705,O=C(O)C[*:1],CN[*:1],0.2857142857142857,Clc1ccc([*:1])cc1
2916,2971,OADMET-0002232,OADMET-0002177,2.69,2.36,0.33000000000000007,0.33000000000000007,2.525,CC(=O)N[*:1],CCCCO[*:1],0.38235294117647056,O=C(O)c1ccc([*:1])cc1
2901,2982,OADMET-0002247,OADMET-0002166,2.55,2.22,0.3299999999999996,0.3299999999999996,2.385,O=C(O)[*:1],N[C@H](CO)[C@H](O)[*:1],0.3888888888888889,O=[N+]([O-])c1ccc([*:1])cc1
2856,2948,OADMET-0002292,OADMET-0002200,1.92,2.24,0.3200000000000003,-0.3200000000000003,2.08,NC[*:1],O=C(O)[*:1],0.36666666666666664,c1cncc([*:1])c1
2822,2843,OADMET-0002326,OADMET-0002305,1.86,2.18,0.32000000000000006,-0.32000000000000006,2.02,Oc1ccc([*:1])cc1,c1csc([*:1])c1,0.5135135135135135,O=C(O)c1cc([*:1])on1
2894,2950,OADMET-0002254,OADMET-0002198,2.45,2.77,0.31999999999999984,-0.31999999999999984,2.6100000000000003,CCCC[*:1],C1CN([*:1])CCO1,0.3548387096774194,O=C(O)CCCC[*:1]
1615,2982,OADMET-0003768,OADMET-0002166,2.54,2.22,0.31999999999999984,0.31999999999999984,2.38,c1ccc([*:1])cc1,N[C@H](CO)[C@H](O)[*:1],0.3611111111111111,O=[N+]([O-])c1ccc([*:1])cc1
3403,3549,OADMET-0001693,OADMET-0001543,4.52,4.2,0.3199999999999994,0.3199999999999994,4.359999999999999,CCSc1nnc(S[*:1])s1,O=c1c(Cl)c(Cl)cnn1[*:1],0.4,COc1ccc(C=O)cc1C[*:1]
1680,1798,OADMET-0003703,OADMET-0003580,4.49,4.81,0.3199999999999994,-0.3199999999999994,4.65,C1C[C@@H]2[C@H](O1)OC[C@@H]2[*:1],C1C[C@H]([*:1])CO1,0.7236842105263158,CC(C)CN(C[C@@H](O)[C@H](Cc1ccccc1)NC(=O)O[*:1])S(=O)(=O)c1ccc(N)cc1
1842,2081,OADMET-0003533,OADMET-0003287,5.58,5.27,0.3100000000000005,0.3100000000000005,5.425,Clc1ccc([*:1])cc1,Fc1ccc([*:1])cc1Cl,0.7692307692307693,CC(C)(C(=O)N1CCCc2occc2C1)[*:1]
2901,2979,OADMET-0002247,OADMET-0002169,2.55,2.86,0.31000000000000005,-0.31000000000000005,2.705,O=[N+]([O-])[*:1],CC(C)(C)[*:1],0.41379310344827586,O=C(O)c1ccc([*:1])cc1
2901,2947,OADMET-0002247,OADMET-0002201,2.55,2.25,0.2999999999999998,0.2999999999999998,2.4,O=C(O)[*:1],O=C(O)CO[*:1],0.5,O=[N+]([O-])c1ccc([*:1])cc1
3026,3157,OADMET-0002122,OADMET-0001991,4.15,4.45,0.2999999999999998,-0.2999999999999998,4.300000000000001,NC[*:1],O=C(NC[*:1])c1cccs1,0.46808510638297873,Cc1[nH]c2ccccc2c1C[*:1]
437,688,OADMET-0005652,OADMET-0005401,4.45,4.15,0.2999999999999998,0.2999999999999998,4.300000000000001,Cc1ccc([*:1])c(F)c1Cl,FC(F)(F)C1([*:1])CCCC1,0.47619047619047616,O=C(N1CCCC(n2ccnn2)C1)[*:1]
1051,2416,OADMET-0005038,OADMET-0002943,4.86,5.16,0.2999999999999998,-0.2999999999999998,5.01,NC(=O)NC(=O)[*:1],C1CC1n1nnnc1[*:1],0.48333333333333334,CC(N1CCCC(Nc2ccccc2)C1)[*:1]
2861,2956,OADMET-0002287,OADMET-0002192,2.76,3.05,0.29000000000000004,-0.29000000000000004,2.905,O=C(O)CO[*:1],O=C(O)CS[*:1],0.4375,Clc1ccc([*:1])cc1
608,962,OADMET-0005481,OADMET-0005127,4.96,5.25,0.29000000000000004,-0.29000000000000004,5.105,Cc1cc([*:1])on1,c1ncc([*:1])s1,0.6349206349206349,CC1(C)CCC(NC(=O)CC[*:1])C(c2ccccc2)C1
1892,2706,OADMET-0003481,OADMET-0002645,5.38,5.67,0.29000000000000004,-0.29000000000000004,5.525,FC(F)(F)c1nc([*:1])no1,CC(C)N(C)S(=O)(=O)[*:1],0.5205479452054794,O=C(NCC1(c2ccccn2)CCC1)c1cccc([*:1])c1
2871,2901,OADMET-0002277,OADMET-0002247,2.26,2.55,0.29000000000000004,-0.29000000000000004,2.405,CO[*:1],O=[N+]([O-])[*:1],0.41379310344827586,O=C(O)c1ccc([*:1])cc1
2945,2962,OADMET-0002203,OADMET-0002186,4.08,3.79,0.29000000000000004,0.29000000000000004,3.935,c1ccc([*:1])cc1,CCCCO[*:1],0.4883720930232558,O=C(O)c1cc([*:1])nc2ccccc12
2831,2863,OADMET-0002317,OADMET-0002285,1.92,2.21,0.29000000000000004,-0.29000000000000004,2.065,c1nnnn1[*:1],CCO[*:1],0.32432432432432434,O=C(O)c1ccc([*:1])cc1
1615,2947,OADMET-0003768,OADMET-0002201,2.54,2.25,0.29000000000000004,0.29000000000000004,2.395,c1ccc([*:1])cc1,O=C(O)CO[*:1],0.42424242424242425,O=[N+]([O-])c1ccc([*:1])cc1
3023,3055,OADMET-0002125,OADMET-0002093,2.16,2.45,0.29000000000000004,-0.29000000000000004,2.305,c1coc([*:1])c1,c1csc([*:1])c1,0.48717948717948717,O=C(N1CCNCC1)[*:1]
2992,3066,OADMET-0002156,OADMET-0002082,2.36,2.64,0.28000000000000025,-0.28000000000000025,2.5,O=C(O)[*:1],NC[*:1],0.32142857142857145,Clc1ccccc1[*:1]
214,1287,OADMET-0005875,OADMET-0004802,4.95,4.67,0.28000000000000025,0.28000000000000025,4.8100000000000005,Oc1ccccc1C[*:1],Cc1cnn(CC[*:1])c1,0.4827586206896552,O=C(c1ccc(Cl)cc1)N1CCCN(C(=O)[*:1])CC1
2862,3092,OADMET-0002286,OADMET-0002056,2.55,2.82,0.27,-0.27,2.6849999999999996,O=C(O)[*:1],C1CN(C[*:1])CCN1,0.34146341463414637,c1cc2c(cc1[*:1])OCO2
2819,3090,OADMET-0002329,OADMET-0002058,1.87,2.13,0.2599999999999998,-0.2599999999999998,2.0,O=C(O)CS[*:1],CC[C@H](N)[*:1],0.21875,c1ccc([*:1])cc1
1671,2909,OADMET-0003712,OADMET-0002239,1.81,2.07,0.2599999999999998,-0.2599999999999998,1.94,Nc1ncc(C[*:1])c(N)n1,O=C(O)[*:1],0.28888888888888886,COc1ccc([*:1])cc1OC
1742,1796,OADMET-0003639,OADMET-0003582,2.04,1.79,0.25,0.25,1.915,CCCS[*:1],O=C(c1ccccc1)[*:1],0.5471698113207547,COC(=O)Nc1nc2ccc([*:1])cc2[nH]1
3006,3278,OADMET-0002142,OADMET-0001858,2.15,1.9,0.25,0.25,2.025,O=C(O)[*:1],Cc1oncc1C(=O)N[*:1],0.3333333333333333,FC(F)(F)c1ccc([*:1])cc1
2819,3084,OADMET-0002329,OADMET-0002064,1.87,2.12,0.25,-0.25,1.995,O=C(O)CS[*:1],NCC[*:1],0.2413793103448276,c1ccc([*:1])cc1
2917,3015,OADMET-0002231,OADMET-0002133,3.7,3.95,0.25,-0.25,3.825,O=C(O)C[*:1],C1CN([*:1])CCN1,0.2727272727272727,c1ccc(C(c2ccccc2)[*:1])cc1
2861,3005,OADMET-0002287,OADMET-0002143,2.76,3.01,0.25,-0.25,2.885,O=C(O)CO[*:1],O=C(O)[*:1],0.42857142857142855,Clc1ccc([*:1])cc1
3115,3212,OADMET-0002033,OADMET-0001933,3.88,3.63,0.25,0.25,3.755,CCOc1ccccc1[*:1],c1ccc(SC[*:1])cc1,0.4909090909090909,NS(=O)(=O)c1ccc(CCNC(=O)[*:1])cc1
17,53,OADMET-0006072,OADMET-0006036,5.44,5.2,0.2400000000000002,0.2400000000000002,5.32,Cc1nocc1C[*:1],c1oc(C2CCC2)nc1[*:1],0.5223880597014925,CC(C)Cn1cccc(-c2nc([*:1])no2)c1=O
3122,3207,OADMET-0002026,OADMET-0001938,1.95,2.19,0.24,-0.24,2.07,Clc1ccccc1[*:1],Cc1ccccc1[*:1],0.7142857142857143,O=C(N1CCC(Cc2ccccc2)CC1)[*:1]
956,2509,OADMET-0005133,OADMET-0002847,5.03,5.27,0.23999999999999932,-0.23999999999999932,5.15,CC(C)(NS(C)(=O)=O)[*:1],O=S1(=O)CCCC([*:1])C1,0.4603174603174603,COc1ccccc1C(C)(C)n1cc([*:1])nn1
2831,3006,OADMET-0002317,OADMET-0002142,1.92,2.15,0.22999999999999998,-0.22999999999999998,2.035,c1nnnn1[*:1],FC(F)(F)[*:1],0.35294117647058826,O=C(O)c1ccc([*:1])cc1
3027,3082,OADMET-0002121,OADMET-0002066,2.91,2.69,0.2200000000000002,0.2200000000000002,2.8,FC(F)(F)[*:1],CCOC(=O)[*:1],0.3333333333333333,Nc1cccc([*:1])c1
2861,2954,OADMET-0002287,OADMET-0002194,2.76,2.54,0.21999999999999975,0.21999999999999975,2.65,O=C(O)CO[*:1],O=C(O)C[*:1],0.4827586206896552,Clc1ccc([*:1])cc1
3076,3080,OADMET-0002072,OADMET-0002068,2.09,1.87,0.21999999999999975,0.21999999999999975,1.98,C1CCN([*:1])C1,c1ccc([*:1])cc1,0.3103448275862069,Nc1ccccc1[*:1]
2896,2947,OADMET-0002252,OADMET-0002201,2.04,2.25,0.20999999999999996,-0.20999999999999996,2.145,O=C(c1ccccc1)[*:1],O=[N+]([O-])[*:1],0.5142857142857142,O=C(O)COc1ccc([*:1])cc1
1628,3060,OADMET-0003755,OADMET-0002088,1.87,2.08,0.20999999999999996,-0.20999999999999996,1.975,CC=C[*:1],C1CN(C[*:1])CCN1,0.2972972972972973,COc1ccc([*:1])cc1
2955,2979,OADMET-0002193,OADMET-0002169,2.65,2.86,0.20999999999999996,-0.20999999999999996,2.755,O=C(O)CCNC(=O)[*:1],O=C(O)[*:1],0.53125,CC(C)(C)c1ccc([*:1])cc1
2971,3006,OADMET-0002177,OADMET-0002142,2.36,2.15,0.20999999999999996,0.20999999999999996,2.255,CCCCO[*:1],FC(F)(F)[*:1],0.36363636363636365,O=C(O)c1ccc([*:1])cc1
2934,2957,OADMET-0002214,OADMET-0002191,3.93,3.73,0.20000000000000018,0.20000000000000018,3.83,O=C(O)CSC[*:1],O=C(O)CCS[*:1],0.42857142857142855,Clc1ccc([*:1])cc1
3020,3051,OADMET-0002128,OADMET-0002097,2.87,2.67,0.20000000000000018,0.20000000000000018,2.77,CN[*:1],NC[*:1],0.3333333333333333,Clc1ccc([*:1])cc1
3745,3802,OADMET-0001331,OADMET-0001267,3.09,3.29,0.20000000000000018,-0.20000000000000018,3.19,O=C1CCC([*:1])NC(=O)N1,Cn1cc([*:1])c(=O)[nH]c1=O,0.43548387096774194,CC(C)(C)c1cc(CNC(=O)[*:1])[nH]n1
102,3107,OADMET-0005987,OADMET-0002041,4.83,5.03,0.20000000000000018,-0.20000000000000018,4.93,COC1CCCN(C[*:1])C1,CCC(c1ccccc1)[*:1],0.3968253968253968,O=C(Nc1cccc(C(F)(F)F)c1)[*:1]
2853,2968,OADMET-0002295,OADMET-0002180,2.09,1.89,0.19999999999999996,0.19999999999999996,1.9899999999999998,NC(=O)[*:1],C1CCN([*:1])C1,0.2857142857142857,C1CC([*:1])CCN1
2908,2979,OADMET-0002240,OADMET-0002169,3.05,2.86,0.18999999999999995,0.18999999999999995,2.955,O=C(N[*:1])c1ccco1,CC(C)(C)[*:1],0.3157894736842105,O=C(O)c1ccc([*:1])cc1
2901,2971,OADMET-0002247,OADMET-0002177,2.55,2.36,0.18999999999999995,0.18999999999999995,2.455,O=[N+]([O-])[*:1],CCCCO[*:1],0.35294117647058826,O=C(O)c1ccc([*:1])cc1
2906,2988,OADMET-0002242,OADMET-0002160,2.01,1.82,0.18999999999999972,0.18999999999999972,1.915,O=C(O)C[*:1],NCC[*:1],0.4074074074074074,C1CN([*:1])CCO1
165,184,OADMET-0005924,OADMET-0005905,4.48,4.67,0.1899999999999995,-0.1899999999999995,4.575,COc1cc([*:1])on1,Cc1noc(C)c1C[*:1],0.5967741935483871,CC1(C)CC(N(Cc2ccccc2)C(=O)[*:1])C(C)(C)O1
2871,3060,OADMET-0002277,OADMET-0002088,2.26,2.08,0.17999999999999972,0.17999999999999972,2.17,O=C(O)[*:1],C1CN(C[*:1])CCN1,0.2972972972972973,COc1ccc([*:1])cc1
1886,2761,OADMET-0003487,OADMET-0002590,4.94,5.12,0.17999999999999972,-0.17999999999999972,5.03,c1ccc2oc([*:1])cc2c1,COc1cccc([*:1])c1,0.5357142857142857,CN1CCN(S(=O)(=O)[*:1])C(c2ccccc2)C1
2956,3020,OADMET-0002192,OADMET-0002128,3.05,2.87,0.17999999999999972,0.17999999999999972,2.96,O=C(O)CS[*:1],CN[*:1],0.25806451612903225,Clc1ccc([*:1])cc1
2833,3092,OADMET-0002315,OADMET-0002056,2.64,2.82,0.17999999999999972,-0.17999999999999972,2.73,NC[*:1],C1CN(C[*:1])CCN1,0.5,c1cc2c(cc1[*:1])OCO2
2507,2509,OADMET-0002849,OADMET-0002847,5.44,5.27,0.17000000000000082,0.17000000000000082,5.355,C1CCC(OC[*:1])OC1,O=S1(=O)CCCC([*:1])C1,0.48484848484848486,COc1ccccc1C(C)(C)n1cc([*:1])nn1
3290,3588,OADMET-0001818,OADMET-0001499,4.05,3.88,0.16999999999999993,0.16999999999999993,3.965,COc1ccccc1[*:1],c1csc([*:1])c1,0.6727272727272727,COc1ccc(OCC(=O)NC[*:1])c(C=O)c1
2916,2979,OADMET-0002232,OADMET-0002169,2.69,2.86,0.16999999999999993,-0.16999999999999993,2.775,CC(=O)N[*:1],CC(C)(C)[*:1],0.4482758620689655,O=C(O)c1ccc([*:1])cc1
3766,3798,OADMET-0001308,OADMET-0001273,3.23,3.39,0.16000000000000014,-0.16000000000000014,3.31,CCCc1nc(C)c([*:1])s1,CSc1ncc([*:1])n1C,0.43548387096774194,Nc1nnnn1CC(=O)NC[*:1]
3197,3212,OADMET-0001949,OADMET-0001933,3.47,3.63,0.1599999999999997,-0.1599999999999997,3.55,COc1ccc(Cl)cc1[*:1],c1ccc(SC[*:1])cc1,0.423728813559322,NS(=O)(=O)c1ccc(CCNC(=O)[*:1])cc1
2863,2971,OADMET-0002285,OADMET-0002177,2.21,2.36,0.1499999999999999,-0.1499999999999999,2.285,CCO[*:1],CCCCO[*:1],0.7142857142857143,O=C(O)c1ccc([*:1])cc1
3155,3202,OADMET-0001993,OADMET-0001944,2.98,3.13,0.1499999999999999,-0.1499999999999999,3.0549999999999997,CN1CCCCC1[*:1],CCN(CC)C[*:1],0.3617021276595745,Cc1cccc(C)c1NC(=O)[*:1]
2884,3002,OADMET-0002264,OADMET-0002146,2.02,1.87,0.1499999999999999,0.1499999999999999,1.945,O=[N+]([O-])[*:1],N#C[*:1],0.4411764705882353,O=C(O)c1cccc([*:1])c1
1615,1766,OADMET-0003768,OADMET-0003613,2.54,2.69,0.1499999999999999,-0.1499999999999999,2.615,O=[N+]([O-])[*:1],O=C(O)CCC(=O)[*:1],0.3333333333333333,c1ccc(-c2ccc([*:1])cc2)cc1
2901,2916,OADMET-0002247,OADMET-0002232,2.55,2.69,0.14000000000000012,-0.14000000000000012,2.62,O=[N+]([O-])[*:1],CC(=O)N[*:1],0.3870967741935484,O=C(O)c1ccc([*:1])cc1
3005,3020,OADMET-0002143,OADMET-0002128,3.01,2.87,0.13999999999999968,0.13999999999999968,2.94,O=C(O)[*:1],CN[*:1],0.32,Clc1ccc([*:1])cc1
276,1340,OADMET-0005813,OADMET-0004749,4.13,4.26,0.1299999999999999,-0.1299999999999999,4.195,Cc1cnn(C[*:1])c1,COCC(C)[*:1],0.5084745762711864,Cc1ccc(C2(c3noc([*:1])n3)CCOCC2)cc1
4003,4047,OADMET-0001063,OADMET-0001019,2.44,2.31,0.1299999999999999,0.1299999999999999,2.375,Cc1nn(C)c(C)c1C[*:1],O=C1CCCCN1[*:1],0.5,O=C(C[*:1])Nc1ccc(Oc2nnn[nH]2)cc1
2954,3051,OADMET-0002194,OADMET-0002097,2.54,2.67,0.1299999999999999,-0.1299999999999999,2.605,O=C(O)C[*:1],NC[*:1],0.44,Clc1ccc([*:1])cc1
1822,1823,OADMET-0003553,OADMET-0003552,4.12,4.24,0.1200000000000001,-0.1200000000000001,4.18,CN(C)[*:1],CN1CCN([*:1])CC1,0.6666666666666666,FC(F)(F)c1ccc2c(c1)N(CCC[*:1])c1ccccc1S2
2972,2975,OADMET-0002176,OADMET-0002173,2.73,2.61,0.1200000000000001,0.1200000000000001,2.67,CO[*:1],CC(=O)O[*:1],0.6428571428571429,O=C(O)c1ccccc1[*:1]
1649,1659,OADMET-0003734,OADMET-0003724,4.67,4.55,0.1200000000000001,0.1200000000000001,4.609999999999999,CCc1ccc([*:1])nc1,CN(c1ccccn1)[*:1],0.5245901639344263,O=C1NC(=O)C(Cc2ccc(OCC[*:1])cc2)S1
1708,3278,OADMET-0003674,OADMET-0001858,1.78,1.9,0.11999999999999988,-0.11999999999999988,1.8399999999999999,CC(O)=C(C#N)[*:1],Cc1oncc1[*:1],0.4,O=C(Nc1ccc(C(F)(F)F)cc1)[*:1]
29,1395,OADMET-0006060,OADMET-0004694,4.87,4.76,0.11000000000000032,0.11000000000000032,4.8149999999999995,Brc1ccc([*:1])o1,CCc1ccnc([*:1])c1,0.6612903225806451,CCn1ccnc1[C@H]1OCCC[C@@H]1NC(=O)[*:1]
2861,3020,OADMET-0002287,OADMET-0002128,2.76,2.87,0.11000000000000032,-0.11000000000000032,2.815,O=C(O)CO[*:1],CN[*:1],0.25806451612903225,Clc1ccc([*:1])cc1
2871,3006,OADMET-0002277,OADMET-0002142,2.26,2.15,0.10999999999999988,0.10999999999999988,2.205,CO[*:1],FC(F)(F)[*:1],0.42857142857142855,O=C(O)c1ccc([*:1])cc1
3008,3073,OADMET-0002140,OADMET-0002075,2.52,2.41,0.10999999999999988,0.10999999999999988,2.465,C1CC1[*:1],c1cc([*:1])ccn1,0.30303030303030304,Nc1nnc([*:1])s1
2912,2973,OADMET-0002236,OADMET-0002175,2.92,3.03,0.10999999999999988,-0.10999999999999988,2.9749999999999996,c1coc([*:1])c1,c1nnnn1[*:1],0.3488372093023256,O=C(O)c1cccc([*:1])c1
3093,3094,OADMET-0002055,OADMET-0002054,1.94,1.83,0.10999999999999988,0.10999999999999988,1.885,c1ccc([*:1])nc1,c1cnc([*:1])nc1,0.5862068965517241,C1CN([*:1])CCN1
3887,4012,OADMET-0001179,OADMET-0001054,2.66,2.56,0.10000000000000009,0.10000000000000009,2.6100000000000003,COCc1ccc([*:1])s1,CC1([*:1])CCCCO1,0.41935483870967744,NC(=O)c1nc(CNC(=O)[*:1])no1
2913,3000,OADMET-0002235,OADMET-0002148,2.88,2.78,0.10000000000000009,0.10000000000000009,2.83,O=S(=O)(N1CCOCC1)[*:1],O=[N+]([O-])[*:1],0.37777777777777777,O=C(O)c1ccc(Cl)c([*:1])c1
2861,3578,OADMET-0002287,OADMET-0001509,2.76,2.86,0.10000000000000009,-0.10000000000000009,2.8099999999999996,O=C(O)[*:1],O=Cc1csc([*:1])n1,0.35714285714285715,Clc1ccc(OC[*:1])cc1
2871,2971,OADMET-0002277,OADMET-0002177,2.26,2.36,0.10000000000000009,-0.10000000000000009,2.3099999999999996,CO[*:1],CCCCO[*:1],0.5517241379310345,O=C(O)c1ccc([*:1])cc1
2879,2900,OADMET-0002269,OADMET-0002248,2.35,2.45,0.10000000000000009,-0.10000000000000009,2.4000000000000004,CC[*:1],c1ccc([*:1])cc1,0.38461538461538464,CCC(C(=O)O)[*:1]
2838,3002,OADMET-0002310,OADMET-0002146,1.97,1.87,0.09999999999999987,0.09999999999999987,1.92,CN(C)[*:1],N#C[*:1],0.45454545454545453,O=C(O)c1cccc([*:1])c1
2952,3017,OADMET-0002196,OADMET-0002131,3.01,3.1,0.0900000000000003,-0.0900000000000003,3.0549999999999997,O=C(O)C[*:1],C1CC([*:1])CCN1,0.2727272727272727,c1ccc(C[*:1])cc1
2833,2862,OADMET-0002315,OADMET-0002286,2.64,2.55,0.0900000000000003,0.0900000000000003,2.5949999999999998,NC[*:1],O=C(O)[*:1],0.42424242424242425,c1cc2c(cc1[*:1])OCO2
2253,2350,OADMET-0003112,OADMET-0003010,5.54,5.63,0.08999999999999986,-0.08999999999999986,5.585,Fc1cncc([*:1])c1,Cc1onc(N)c1[*:1],0.55,O=S(=O)(N1CC(c2ccccc2)C2(CCC2)C1)[*:1]
2861,3051,OADMET-0002287,OADMET-0002097,2.76,2.67,0.08999999999999986,0.08999999999999986,2.715,O=C(O)CO[*:1],NC[*:1],0.3,Clc1ccc([*:1])cc1
3150,3173,OADMET-0001998,OADMET-0001975,4.87,4.78,0.08999999999999986,0.08999999999999986,4.825,CN(C)c1cccc([*:1])c1,COc1ccccc1[*:1],0.5777777777777777,COc1ccccc1CNC(=O)[*:1]
2825,3002,OADMET-0002323,OADMET-0002146,1.96,1.87,0.08999999999999986,0.08999999999999986,1.915,O=S(=O)(N1CCOCC1)[*:1],N#C[*:1],0.3488372093023256,O=C(O)c1cccc([*:1])c1
2844,3084,OADMET-0002304,OADMET-0002064,2.2,2.12,0.08000000000000007,0.08000000000000007,2.16,NCCC[*:1],NCC[*:1],0.7,c1ccc([*:1])cc1
2845,2942,OADMET-0002303,OADMET-0002206,2.76,2.84,0.08000000000000007,-0.08000000000000007,2.8,O=C(O)CO[*:1],O=C(O)c1cc([*:1])n[nH]1,0.41025641025641024,COc1ccc([*:1])cc1
494,1016,OADMET-0005595,OADMET-0005073,4.93,4.85,0.08000000000000007,0.08000000000000007,4.89,c1cnc2cc([*:1])nn2c1,Cc1cc(C)n(C(C)[*:1])n1,0.5,O=C(CCc1ccccc1)N1CCC(NC(=O)[*:1])CC1
2844,3090,OADMET-0002304,OADMET-0002058,2.2,2.13,0.07000000000000028,0.07000000000000028,2.165,NCCC[*:1],CC[C@H](N)[*:1],0.27586206896551724,c1ccc([*:1])cc1
2816,3229,OADMET-0002332,OADMET-0001914,3.95,3.88,0.07000000000000028,0.07000000000000028,3.915,C1CC([*:1])CN1,O=C(CS)N[*:1],0.1891891891891892,c1ccc([*:1])cc1
3433,3495,OADMET-0001663,OADMET-0001600,1.89,1.96,0.07000000000000006,-0.07000000000000006,1.9249999999999998,Clc1cnn(C[*:1])c1,O=S1(=O)NCCCN1[*:1],0.4852941176470588,C=CC(=O)N1CCN(C(=O)c2ccc([*:1])cc2)[C@@H](C)C1
2835,3028,OADMET-0002313,OADMET-0002120,2.02,1.95,0.07000000000000006,0.07000000000000006,1.9849999999999999,CO[*:1],C1CCN(C[*:1])C1,0.36363636363636365,NCc1ccccc1[*:1]
3225,3256,OADMET-0001919,OADMET-0001882,1.88,1.81,0.06999999999999984,0.06999999999999984,1.845,Oc1ccccc1[*:1],Oc1ccc(Cl)cc1[*:1],0.6363636363636364,O=C(Nc1ccccc1)[*:1]
1835,2835,OADMET-0003540,OADMET-0002313,2.09,2.02,0.06999999999999984,0.06999999999999984,2.0549999999999997,CNC(C)C[*:1],NC[*:1],0.5,COc1ccccc1[*:1]
2928,3201,OADMET-0002220,OADMET-0001945,1.88,1.81,0.06999999999999984,0.06999999999999984,1.845,O=C(O)[*:1],O=C(N1CCOCC1)[*:1],0.5,COc1cc([*:1])cc(OC)c1OC
1780,3064,OADMET-0003598,OADMET-0002084,1.78,1.84,0.06000000000000005,-0.06000000000000005,1.81,NS(=O)(=O)[*:1],c1cncc([*:1])c1,0.25806451612903225,Nc1ccc([*:1])cc1
2845,2984,OADMET-0002303,OADMET-0002164,2.76,2.82,0.06000000000000005,-0.06000000000000005,2.79,O=C(O)CO[*:1],O=C(O)CCC[*:1],0.5151515151515151,COc1ccc([*:1])cc1
3791,3953,OADMET-0001280,OADMET-0001113,3.14,3.2,0.06000000000000005,-0.06000000000000005,3.17,COCCn1cncc1[*:1],Cc1csc([*:1])n1,0.39622641509433965,CS(=O)(=O)N1CCN(C[*:1])CC1
2863,3006,OADMET-0002285,OADMET-0002142,2.21,2.15,0.06000000000000005,0.06000000000000005,2.1799999999999997,CCO[*:1],FC(F)(F)[*:1],0.3870967741935484,O=C(O)c1ccc([*:1])cc1
2825,2884,OADMET-0002323,OADMET-0002264,1.96,2.02,0.06000000000000005,-0.06000000000000005,1.99,O=S(=O)(N1CCOCC1)[*:1],O=[N+]([O-])[*:1],0.3409090909090909,O=C(O)c1cccc([*:1])c1
2875,2976,OADMET-0002273,OADMET-0002172,2.48,2.42,0.06000000000000005,0.06000000000000005,2.45,CO[*:1],CN(C)S(=O)(=O)[*:1],0.4444444444444444,O=C(O)c1cccc([*:1])c1
2838,2884,OADMET-0002310,OADMET-0002264,1.97,2.02,0.050000000000000044,-0.050000000000000044,1.995,CN(C)[*:1],O=[N+]([O-])[*:1],0.4411764705882353,O=C(O)c1cccc([*:1])c1
2863,2871,OADMET-0002285,OADMET-0002277,2.21,2.26,0.04999999999999982,-0.04999999999999982,2.235,CCO[*:1],CO[*:1],0.5925925925925926,O=C(O)c1ccc([*:1])cc1
1448,3529,OADMET-0004428,OADMET-0001566,4.61,4.66,0.04999999999999982,-0.04999999999999982,4.635,O=C([O-])C1(C[*:1])CCC1,C=C[*:1],0.559322033898305,Cc1sc(C(C)NC(=O)[*:1])nc1-c1ccc(Cl)cc1
1848,2176,OADMET-0003527,OADMET-0003191,5.005,5.05,0.04499999999999993,-0.04499999999999993,5.0275,CC(C)NC(=O)[*:1],O=C(NC1CC(Cl)(Cl)C1)[*:1],0.6428571428571429,COc1ccc2c(-c3ccccc3)c([*:1])oc2c1
2900,2918,OADMET-0002248,OADMET-0002230,2.45,2.49,0.040000000000000036,-0.040000000000000036,2.47,CC[*:1],OC[*:1],0.6538461538461539,O=C(O)C(c1ccccc1)[*:1]
190,1048,OADMET-0005899,OADMET-0005041,4.59,4.63,0.040000000000000036,-0.040000000000000036,4.609999999999999,c1sc2c(c1[*:1])CCCC2,CC(C)c1cc([*:1])on1,0.5223880597014925,O=C(NCc1cccc(N2CCOCC2)n1)[*:1]
2982,3181,OADMET-0002166,OADMET-0001967,2.22,2.18,0.040000000000000036,0.040000000000000036,2.2,N[C@H](CO)[*:1],O=C(N[C@H](CO)[*:1])C(Cl)Cl,0.5476190476190477,O=[N+]([O-])c1ccc([C@@H](O)[*:1])cc1
2956,3005,OADMET-0002192,OADMET-0002143,3.05,3.01,0.040000000000000036,0.040000000000000036,3.03,O=C(O)CS[*:1],O=C(O)[*:1],0.42857142857142855,Clc1ccc([*:1])cc1
2819,2938,OADMET-0002329,OADMET-0002210,1.87,1.91,0.039999999999999813,-0.039999999999999813,1.8900000000000001,O=C(O)C[*:1],O=C(O)CC[*:1],0.6153846153846154,c1ccc(S[*:1])cc1
1702,1778,OADMET-0003680,OADMET-0003600,2.68,2.65,0.03000000000000025,0.03000000000000025,2.665,Cc1nnc([*:1])s1,c1ccc([*:1])nc1,0.4418604651162791,Nc1ccc(S(=O)(=O)N[*:1])cc1
1051,1056,OADMET-0005038,OADMET-0005033,4.86,4.83,0.03000000000000025,0.03000000000000025,4.845000000000001,CC(C(=O)NC(N)=O)[*:1],COc1cc(C)nc([*:1])n1,0.375,c1ccc(NC2CCCN([*:1])C2)cc1
2902,3059,OADMET-0002246,OADMET-0002089,1.92,1.95,0.030000000000000027,-0.030000000000000027,1.935,O=C(O)[*:1],CNC[*:1],0.2903225806451613,c1coc([*:1])c1
2937,2974,OADMET-0002211,OADMET-0002174,1.85,1.82,0.030000000000000027,0.030000000000000027,1.835,O=C(O)[*:1],NCC[*:1],0.15789473684210525,CC(C)[*:1]
2877,3132,OADMET-0002271,OADMET-0002016,3.02,2.99,0.029999999999999805,0.029999999999999805,3.005,O=C(O)[*:1],O=C(N1CCOCC1)[*:1],0.55,COc1ccc([*:1])cc1Br
2936,3049,OADMET-0002212,OADMET-0002099,2.01,1.98,0.029999999999999805,0.029999999999999805,1.9949999999999999,O=C(O)[*:1],C1CN([*:1])CCN1,0.2727272727272727,Oc1ccccc1[*:1]
2947,2982,OADMET-0002201,OADMET-0002166,2.25,2.22,0.029999999999999805,0.029999999999999805,2.2350000000000003,O=C(O)CO[*:1],N[C@H](CO)[C@H](O)[*:1],0.36585365853658536,O=[N+]([O-])c1ccc([*:1])cc1
3075,3148,OADMET-0002073,OADMET-0002000,1.94,1.92,0.020000000000000018,0.020000000000000018,1.93,Nc1ccccc1[*:1],O=C(NCCO)[*:1],0.24324324324324326,Clc1ccc([*:1])cc1
2942,2984,OADMET-0002206,OADMET-0002164,2.84,2.82,0.020000000000000018,0.020000000000000018,2.83,O=C(O)c1cc([*:1])n[nH]1,O=C(O)CCC[*:1],0.3409090909090909,COc1ccc([*:1])cc1
2837,3036,OADMET-0002311,OADMET-0002112,2.95,2.97,0.020000000000000018,-0.020000000000000018,2.96,C1CCN([*:1])CC1,FC(F)(F)[*:1],0.2857142857142857,Nc1ccc([*:1])cc1
2989,3097,OADMET-0002159,OADMET-0002051,1.99,2.01,0.019999999999999796,-0.019999999999999796,2.0,O=C(O)[*:1],NC[*:1],0.30434782608695654,CCN(CC)C[*:1]
428,1183,OADMET-0005661,OADMET-0004906,5.08,5.1,0.019999999999999574,-0.019999999999999574,5.09,CC1(C)CNC(=O)C1N[*:1],Cc1cccnc1N[*:1],0.47692307692307695,FC(F)(F)c1nc(C[*:1])c2n1CCCC2
3623,3624,OADMET-0001462,OADMET-0001461,5.16,5.18,0.019999999999999574,-0.019999999999999574,5.17,c1ccc(CCC[*:1])cc1,CCC(CC)[*:1],0.6521739130434783,CC(=O)N(CCc1noc(C2CCC2)n1)C1CCN(C(=O)[*:1])C1
2825,2838,OADMET-0002323,OADMET-0002310,1.96,1.97,0.010000000000000009,-0.010000000000000009,1.9649999999999999,O=S(=O)(N1CCOCC1)[*:1],CN(C)[*:1],0.3488372093023256,O=C(O)c1cccc([*:1])c1
1615,2901,OADMET-0003768,OADMET-0002247,2.54,2.55,0.009999999999999787,-0.009999999999999787,2.545,c1ccc([*:1])cc1,O=C(O)[*:1],0.5185185185185185,O=[N+]([O-])c1ccc([*:1])cc1
3084,3090,OADMET-0002064,OADMET-0002058,2.12,2.13,0.009999999999999787,-0.009999999999999787,2.125,NCC[*:1],CC[C@H](N)[*:1],0.2962962962962963,c1ccc([*:1])cc1
3014,3053,OADMET-0002134,OADMET-0002095,2.85,2.85,0.0,0.0,2.85,CCNC[*:1],NC[*:1],0.4230769230769231,c1cc([*:1])ccn1
3330,3458,OADMET-0001778,OADMET-0001638,2.28,2.28,0.0,0.0,2.28,CCc1nnc(C[*:1])s1,CC(O)(C[*:1])C1CCCC1,0.48214285714285715,C=CC(=O)N1CCC(C(=O)N[*:1])CC1
