Molecule Name,pEC50,weight
OADMET-0006089,5.27,1.0
OADMET-0006088,5.08,1.0
OADMET-0006087,5.12,1.0
OADMET-0006086,5.23,1.0
OADMET-0006085,5.28,1.0
OADMET-0006084,4.5,1.0
OADMET-0006083,4.66,1.0
OADMET-0006082,5.18,1.0
OADMET-0006081,4.31,1.0
OADMET-0006080,4.24,1.0
OADMET-0006079,5.3,1.0
OADMET-0006078,4.19,1.0
OADMET-0006077,5.07,1.0
OADMET-0006076,5.12,1.0
OADMET-0006075,5.03,1.0
OADMET-0006074,5.14,1.0
OADMET-0006073,5.07,1.0
OADMET-0006072,5.44,1.0
OADMET-0006071,3.96,1.0
OADMET-0006070,4.36,1.0
OADMET-0006069,5.19,1.0
OADMET-0006068,4.76,1.0
OADMET-0006067,4.74,1.0
OADMET-0006066,5.02,1.0
OADMET-0006065,5.2,1.0
OADMET-0006064,4.61,1.0
OADMET-0006063,5.44,1.0
OADMET-0006062,4.81,1.0
OADMET-0006061,4.69,1.0
OADMET-0006060,4.87,1.0
OADMET-0006059,4.45,1.0
OADMET-0006058,5.26,1.0
OADMET-0006057,4.48,1.0
OADMET-0006056,4.58,1.0
OADMET-0006055,4.95,1.0
OADMET-0006054,4.68,1.0
OADMET-0006053,5.31,1.0
OADMET-0006052,4.6,1.0
OADMET-0006051,5.11,1.0
OADMET-0006050,5.18,1.0
OADMET-0006049,4.85,1.0
OADMET-0006048,4.99,1.0
OADMET-0006047,4.93,1.0
OADMET-0006046,5.13,1.0
OADMET-0006045,5.42,1.0
OADMET-0006044,4.93,1.0
OADMET-0006043,4.72,1.0
OADMET-0006042,5.24,1.0
OADMET-0006041,5.09,1.0
OADMET-0006040,5.3,1.0
OADMET-0006039,4.18,1.0
OADMET-0006038,4.94,1.0
OADMET-0006037,4.74,1.0
OADMET-0006036,5.2,1.0
OADMET-0006035,5.53,1.0
OADMET-0006034,4.93,1.0
OADMET-0006033,5.14,1.0
OADMET-0006032,4.76,1.0
OADMET-0006031,4.42,1.0
OADMET-0006030,5.06,1.0
OADMET-0006029,4.74,1.0
OADMET-0006028,5.23,1.0
OADMET-0006027,5.23,1.0
OADMET-0006026,4.64,1.0
OADMET-0006025,5.22,1.0
OADMET-0006024,4.61,1.0
OADMET-0006023,4.98,1.0
OADMET-0006022,4.97,1.0
OADMET-0006021,4.93,1.0
OADMET-0006020,5.07,1.0
OADMET-0006019,4.73,1.0
OADMET-0006018,4.63,1.0
OADMET-0006017,5.16,1.0
OADMET-0006016,4.26,1.0
OADMET-0006015,4.51,1.0
OADMET-0006014,5.39,1.0
OADMET-0006013,4.34,1.0
OADMET-0006012,4.93,1.0
OADMET-0006011,5.11,1.0
OADMET-0006010,5.28,1.0
OADMET-0006009,4.11,1.0
OADMET-0006008,4.81,0.5
OADMET-0006007,4.99,1.0
OADMET-0006006,4.81,1.0
OADMET-0006005,4.4,1.0
OADMET-0006004,4.69,1.0
OADMET-0006003,4.38,1.0
OADMET-0006002,4.61,1.0
OADMET-0006001,5.16,1.0
OADMET-0006000,5.22,1.0
OADMET-0005999,4.98,1.0
OADMET-0005998,4.83,1.0
OADMET-0005997,5.11,1.0
OADMET-0005996,4.85,1.0
OADMET-0005995,5.1,1.0
OADMET-0005994,5.16,1.0
OADMET-0005993,5.08,1.0
OADMET-0005992,4.56,1.0
OADMET-0005991,4.65,1.0
OADMET-0005990,4.84,1.0
OADMET-0005989,4.7,1.0
OADMET-0005988,4.52,1.0
OADMET-0005987,4.83,1.0
OADMET-0005986,4.63,1.0
OADMET-0005985,4.82,1.0
OADMET-0005984,5.35,1.0
OADMET-0005983,4.56,1.0
OADMET-0005982,4.42,1.0
OADMET-0005981,4.5,1.0
OADMET-0005980,4.42,1.0
OADMET-0005979,5.2,1.0
OADMET-0005978,4.26,1.0
OADMET-0005977,5.36,1.0
OADMET-0005976,5.0,1.0
OADMET-0005975,4.71,1.0
OADMET-0005974,4.06,1.0
OADMET-0005973,4.68,1.0
OADMET-0005972,5.11,1.0
OADMET-0005971,4.68,1.0
OADMET-0005970,4.46,1.0
OADMET-0005969,4.57,1.0
OADMET-0005968,3.85,0.5
OADMET-0005967,5.2,1.0
OADMET-0005966,4.34,1.0
OADMET-0005965,5.07,1.0
OADMET-0005964,5.22,1.0
OADMET-0005963,5.0,1.0
OADMET-0005962,4.51,1.0
OADMET-0005961,4.61,1.0
OADMET-0005960,4.42,1.0
OADMET-0005959,4.53,1.0
OADMET-0005958,5.09,1.0
OADMET-0005957,5.31,1.0
OADMET-0005956,4.45,1.0
OADMET-0005955,4.87,1.0
OADMET-0005954,4.91,1.0
OADMET-0005953,5.52,1.0
OADMET-0005952,5.03,1.0
OADMET-0005951,4.8,1.0
OADMET-0005950,4.83,1.0
OADMET-0005949,5.28,1.0
OADMET-0005948,5.04,1.0
OADMET-0005947,5.18,1.0
OADMET-0005946,5.06,1.0
OADMET-0005945,5.26,1.0
OADMET-0005944,5.24,1.0
OADMET-0005943,5.0,1.0
OADMET-0005942,4.41,1.0
OADMET-0005941,5.07,1.0
OADMET-0005940,5.22,1.0
OADMET-0005939,4.44,1.0
OADMET-0005938,4.82,1.0
OADMET-0005937,4.89,1.0
OADMET-0005936,4.97,1.0
OADMET-0005935,4.49,1.0
OADMET-0005934,5.25,1.0
OADMET-0005933,5.18,1.0
OADMET-0005932,4.94,1.0
OADMET-0005931,5.21,1.0
OADMET-0005930,5.19,1.0
OADMET-0005929,5.38,1.0
OADMET-0005928,4.44,1.0
OADMET-0005927,4.63,1.0
OADMET-0005926,5.25,1.0
OADMET-0005925,4.02,1.0
OADMET-0005924,4.48,1.0
OADMET-0005923,5.53,1.0
OADMET-0005922,4.26,1.0
OADMET-0005921,4.6,1.0
OADMET-0005920,5.41,1.0
OADMET-0005919,4.54,1.0
OADMET-0005918,4.77,1.0
OADMET-0005917,4.67,1.0
OADMET-0005916,4.64,1.0
OADMET-0005915,4.67,1.0
OADMET-0005914,3.92,1.0
OADMET-0005913,4.48,1.0
OADMET-0005912,5.1,1.0
OADMET-0005911,5.23,1.0
OADMET-0005910,4.57,1.0
OADMET-0005909,4.77,1.0
OADMET-0005908,4.87,1.0
OADMET-0005907,4.83,1.0
OADMET-0005906,4.89,1.0
OADMET-0005905,4.67,1.0
OADMET-0005904,4.39,1.0
OADMET-0005903,4.38,1.0
OADMET-0005902,4.73,1.0
OADMET-0005901,4.26,1.0
OADMET-0005900,4.45,1.0
OADMET-0005899,4.59,1.0
OADMET-0005898,4.15,1.0
OADMET-0005897,4.75,1.0
OADMET-0005896,4.86,1.0
OADMET-0005895,5.25,1.0
OADMET-0005894,4.71,1.0
OADMET-0005893,5.01,1.0
OADMET-0005892,5.1,1.0
OADMET-0005891,5.11,1.0
OADMET-0005890,4.09,1.0
OADMET-0005889,4.76,1.0
OADMET-0005888,4.98,1.0
OADMET-0005887,5.02,1.0
OADMET-0005886,4.58,1.0
OADMET-0005885,5.17,1.0
OADMET-0005884,5.04,1.0
OADMET-0005883,4.56,1.0
OADMET-0005882,4.07,1.0
OADMET-0005881,4.68,1.0
OADMET-0005880,5.19,1.0
OADMET-0005879,4.22,1.0
OADMET-0005878,4.99,1.0
OADMET-0005877,4.44,1.0
OADMET-0005876,4.72,1.0
OADMET-0005875,4.95,1.0
OADMET-0005874,5.65,1.0
OADMET-0005873,4.38,1.0
OADMET-0005872,5.48,1.0
OADMET-0005871,5.37,1.0
OADMET-0005870,4.88,1.0
OADMET-0005869,4.47,1.0
OADMET-0005868,4.43,1.0
OADMET-0005867,4.47,1.0
OADMET-0005866,4.48,1.0
OADMET-0005865,5.2,1.0
OADMET-0005864,4.77,1.0
OADMET-0005863,4.69,1.0
OADMET-0005862,4.89,1.0
OADMET-0005861,4.63,1.0
OADMET-0005860,4.36,1.0
OADMET-0005859,4.4,1.0
OADMET-0005858,5.29,1.0
OADMET-0005857,5.06,1.0
OADMET-0005856,5.04,1.0
OADMET-0005855,4.48,1.0
OADMET-0005854,3.96,1.0
OADMET-0005853,4.06,1.0
OADMET-0005852,4.73,1.0
OADMET-0005851,4.34,1.0
OADMET-0005850,4.07,1.0
OADMET-0005849,4.42,1.0
OADMET-0005848,4.41,1.0
OADMET-0005847,5.21,1.0
OADMET-0005846,4.61,1.0
OADMET-0005845,4.84,1.0
OADMET-0005844,4.25,1.0
OADMET-0005843,4.74,1.0
OADMET-0005842,5.12,1.0
OADMET-0005841,4.87,1.0
OADMET-0005840,4.81,1.0
OADMET-0005839,5.06,1.0
OADMET-0005838,5.23,1.0
OADMET-0005837,4.5,1.0
OADMET-0005836,4.83,1.0
OADMET-0005835,3.63,1.0
OADMET-0005834,4.52,1.0
OADMET-0005833,4.66,1.0
OADMET-0005832,5.07,1.0
OADMET-0005831,3.9,1.0
OADMET-0005830,3.93,1.0
OADMET-0005829,5.38,1.0
OADMET-0005828,4.67,1.0
OADMET-0005827,4.69,1.0
OADMET-0005826,5.19,1.0
OADMET-0005825,4.41,1.0
OADMET-0005824,4.44,1.0
OADMET-0005823,5.63,1.0
OADMET-0005822,4.65,1.0
OADMET-0005821,5.23,1.0
OADMET-0005820,4.47,1.0
OADMET-0005819,4.99,1.0
OADMET-0005818,4.92,1.0
OADMET-0005817,4.66,1.0
OADMET-0005816,4.4,1.0
OADMET-0005815,4.9,1.0
OADMET-0005814,4.58,1.0
OADMET-0005813,4.13,1.0
OADMET-0005812,4.69,1.0
OADMET-0005811,5.22,1.0
OADMET-0005810,4.75,1.0
OADMET-0005809,5.62,1.0
OADMET-0005808,5.32,1.0
OADMET-0005807,5.56,1.0
OADMET-0005806,5.22,1.0
OADMET-0005805,4.91,1.0
OADMET-0005804,5.57,1.0
OADMET-0005803,5.15,1.0
OADMET-0005802,4.53,1.0
OADMET-0005801,4.5,1.0
OADMET-0005800,5.05,1.0
OADMET-0005799,3.56,1.0
OADMET-0005798,4.82,1.0
OADMET-0005797,4.85,1.0
OADMET-0005796,4.63,1.0
OADMET-0005795,4.68,1.0
OADMET-0005794,4.71,1.0
OADMET-0005793,4.25,1.0
OADMET-0005792,4.58,1.0
OADMET-0005791,4.63,1.0
OADMET-0005790,4.57,1.0
OADMET-0005789,4.36,1.0
OADMET-0005788,6.23,1.0
OADMET-0005787,4.67,1.0
OADMET-0005786,5.05,1.0
OADMET-0005785,4.57,1.0
OADMET-0005784,4.84,1.0
OADMET-0005783,5.22,1.0
OADMET-0005782,4.83,1.0
OADMET-0005781,4.85,1.0
OADMET-0005780,4.03,1.0
OADMET-0005779,5.11,1.0
OADMET-0005778,4.53,1.0
OADMET-0005777,4.72,1.0
OADMET-0005776,4.99,1.0
OADMET-0005775,4.78,1.0
OADMET-0005774,5.05,1.0
OADMET-0005773,4.38,1.0
OADMET-0005772,4.78,1.0
OADMET-0005771,5.46,1.0
OADMET-0005770,4.85,1.0
OADMET-0005769,4.78,1.0
OADMET-0005768,4.86,1.0
OADMET-0005767,4.28,1.0
OADMET-0005766,4.75,1.0
OADMET-0005765,4.16,1.0
OADMET-0005764,4.65,1.0
OADMET-0005763,4.21,1.0
OADMET-0005762,4.79,1.0
OADMET-0005761,4.4,1.0
OADMET-0005760,5.24,1.0
OADMET-0005759,4.14,1.0
OADMET-0005758,4.29,1.0
OADMET-0005757,4.52,1.0
OADMET-0005756,4.54,1.0
OADMET-0005755,4.69,1.0
OADMET-0005754,4.6,1.0
OADMET-0005753,4.29,1.0
OADMET-0005752,4.62,1.0
OADMET-0005751,4.28,1.0
OADMET-0005750,4.44,1.0
OADMET-0005749,4.3,1.0
OADMET-0005748,4.74,1.0
OADMET-0005747,5.58,1.0
OADMET-0005746,5.46,1.0
OADMET-0005745,4.82,1.0
OADMET-0005744,4.78,1.0
OADMET-0005743,4.61,1.0
OADMET-0005742,4.06,1.0
OADMET-0005741,4.59,1.0
OADMET-0005740,4.81,1.0
OADMET-0005739,4.46,1.0
OADMET-0005738,4.3,1.0
OADMET-0005737,4.67,1.0
OADMET-0005736,5.46,1.0
OADMET-0005735,5.09,1.0
OADMET-0005734,4.85,1.0
OADMET-0005733,5.22,1.0
OADMET-0005732,5.12,1.0
OADMET-0005731,5.11,1.0
OADMET-0005730,4.59,1.0
OADMET-0005729,4.23,1.0
OADMET-0005728,4.9,1.0
OADMET-0005727,5.12,1.0
OADMET-0005726,4.83,1.0
OADMET-0005725,4.8,1.0
OADMET-0005724,4.84,1.0
OADMET-0005723,4.17,1.0
OADMET-0005722,4.2,1.0
OADMET-0005721,5.02,1.0
OADMET-0005720,5.0,1.0
OADMET-0005719,4.86,1.0
OADMET-0005718,4.73,1.0
OADMET-0005717,4.33,1.0
OADMET-0005716,4.51,1.0
OADMET-0005715,4.82,1.0
OADMET-0005714,4.96,1.0
OADMET-0005713,4.39,1.0
OADMET-0005712,4.49,1.0
OADMET-0005711,4.34,1.0
OADMET-0005710,4.16,1.0
OADMET-0005709,4.95,1.0
OADMET-0005708,4.83,1.0
OADMET-0005707,4.3,1.0
OADMET-0005706,4.86,1.0
OADMET-0005705,4.52,1.0
OADMET-0005704,4.68,1.0
OADMET-0005703,4.97,1.0
OADMET-0005702,5.22,1.0
OADMET-0005701,4.97,1.0
OADMET-0005700,4.04,1.0
OADMET-0005699,4.95,1.0
OADMET-0005698,4.41,1.0
OADMET-0005697,4.9,1.0
OADMET-0005696,4.22,1.0
OADMET-0005695,3.94,1.0
OADMET-0005694,4.96,1.0
OADMET-0005693,4.82,1.0
OADMET-0005692,4.9,1.0
OADMET-0005691,4.25,1.0
OADMET-0005690,4.7,1.0
OADMET-0005689,5.05,1.0
OADMET-0005688,4.59,1.0
OADMET-0005687,5.04,1.0
OADMET-0005686,5.1,1.0
OADMET-0005685,4.22,1.0
OADMET-0005684,4.67,1.0
OADMET-0005683,4.77,1.0
OADMET-0005682,4.9,1.0
OADMET-0005681,5.17,1.0
OADMET-0005680,4.27,1.0
OADMET-0005679,4.4,1.0
OADMET-0005678,5.14,1.0
OADMET-0005677,5.13,1.0
OADMET-0005676,5.66,1.0
OADMET-0005675,4.41,1.0
OADMET-0005674,5.2,1.0
OADMET-0005673,4.39,1.0
OADMET-0005672,4.92,1.0
OADMET-0005671,4.94,1.0
OADMET-0005670,4.6,1.0
OADMET-0005669,4.68,1.0
OADMET-0005668,5.27,1.0
OADMET-0005667,5.14,1.0
OADMET-0005666,5.25,1.0
OADMET-0005665,4.39,1.0
OADMET-0005664,5.28,1.0
OADMET-0005663,4.85,1.0
OADMET-0005662,4.28,1.0
OADMET-0005661,5.08,1.0
OADMET-0005660,4.75,1.0
OADMET-0005659,5.12,1.0
OADMET-0005658,4.51,1.0
OADMET-0005657,4.63,1.0
OADMET-0005656,4.89,0.5
OADMET-0005655,5.2,1.0
OADMET-0005654,5.16,1.0
OADMET-0005653,5.41,1.0
OADMET-0005652,4.45,1.0
OADMET-0005651,4.09,1.0
OADMET-0005650,4.27,1.0
OADMET-0005649,4.79,1.0
OADMET-0005648,4.53,1.0
OADMET-0005647,4.53,1.0
OADMET-0005646,4.64,1.0
OADMET-0005645,4.65,1.0
OADMET-0005644,5.1,1.0
OADMET-0005643,4.29,1.0
OADMET-0005642,5.14,1.0
OADMET-0005641,5.1,1.0
OADMET-0005640,4.67,1.0
OADMET-0005639,4.8,1.0
OADMET-0005638,4.84,1.0
OADMET-0005637,4.09,1.0
OADMET-0005636,5.12,1.0
OADMET-0005635,4.89,1.0
OADMET-0005634,4.09,1.0
OADMET-0005633,4.43,1.0
OADMET-0005632,5.1,1.0
OADMET-0005631,4.35,1.0
OADMET-0005630,4.63,1.0
OADMET-0005629,4.73,1.0
OADMET-0005628,5.27,1.0
OADMET-0005627,4.68,1.0
OADMET-0005626,3.51,1.0
OADMET-0005625,4.57,1.0
OADMET-0005624,4.16,1.0
OADMET-0005623,4.87,1.0
OADMET-0005622,5.15,1.0
OADMET-0005621,4.95,1.0
OADMET-0005620,4.67,1.0
OADMET-0005619,5.05,1.0
OADMET-0005618,4.96,1.0
OADMET-0005617,4.87,1.0
OADMET-0005616,4.54,1.0
OADMET-0005615,4.93,1.0
OADMET-0005614,5.32,1.0
OADMET-0005613,5.04,1.0
OADMET-0005612,4.53,1.0
OADMET-0005611,4.85,1.0
OADMET-0005610,4.85,1.0
OADMET-0005609,4.15,1.0
OADMET-0005608,4.53,1.0
OADMET-0005607,4.73,1.0
OADMET-0005606,4.59,1.0
OADMET-0005605,4.91,1.0
OADMET-0005604,3.91,1.0
OADMET-0005603,4.29,1.0
OADMET-0005602,4.47,1.0
OADMET-0005601,4.87,1.0
OADMET-0005600,4.73,1.0
OADMET-0005599,4.43,1.0
OADMET-0005598,4.92,1.0
OADMET-0005597,4.77,1.0
OADMET-0005596,4.79,1.0
OADMET-0005595,4.93,1.0
OADMET-0005594,4.24,1.0
OADMET-0005593,4.74,1.0
OADMET-0005592,4.65,1.0
OADMET-0005591,4.9,1.0
OADMET-0005590,4.63,1.0
OADMET-0005589,5.16,1.0
OADMET-0005588,4.45,1.0
OADMET-0005587,4.26,1.0
OADMET-0005586,4.68,1.0
OADMET-0005585,5.04,1.0
OADMET-0005584,4.05,1.0
OADMET-0005583,4.27,1.0
OADMET-0005582,4.85,1.0
OADMET-0005581,4.66,1.0
OADMET-0005580,4.11,1.0
OADMET-0005579,4.85,1.0
OADMET-0005578,4.77,1.0
OADMET-0005577,4.9,1.0
OADMET-0005576,4.12,1.0
OADMET-0005575,4.82,1.0
OADMET-0005574,5.28,1.0
OADMET-0005573,4.73,1.0
OADMET-0005572,4.77,1.0
OADMET-0005571,4.75,1.0
OADMET-0005570,5.08,1.0
OADMET-0005569,4.68,1.0
OADMET-0005568,4.35,1.0
OADMET-0005567,5.12,1.0
OADMET-0005566,5.31,1.0
OADMET-0005565,5.28,1.0
OADMET-0005564,4.88,1.0
OADMET-0005563,5.18,1.0
OADMET-0005562,5.03,1.0
OADMET-0005561,4.59,1.0
OADMET-0005560,4.8,1.0
OADMET-0005559,4.96,1.0
OADMET-0005558,4.61,1.0
OADMET-0005557,5.13,1.0
OADMET-0005556,5.22,1.0
OADMET-0005555,4.53,1.0
OADMET-0005554,4.58,1.0
OADMET-0005553,4.79,1.0
OADMET-0005552,5.14,1.0
OADMET-0005551,5.3,1.0
OADMET-0005550,5.0,1.0
OADMET-0005549,5.09,1.0
OADMET-0005548,4.83,1.0
OADMET-0005547,5.37,1.0
OADMET-0005546,4.93,1.0
OADMET-0005545,5.43,1.0
OADMET-0005544,4.8,1.0
OADMET-0005543,5.1,1.0
OADMET-0005542,5.28,1.0
OADMET-0005541,4.68,1.0
OADMET-0005540,4.63,1.0
OADMET-0005539,4.82,1.0
OADMET-0005538,4.43,1.0
OADMET-0005537,5.19,1.0
OADMET-0005536,4.49,1.0
OADMET-0005535,5.23,1.0
OADMET-0005534,5.49,1.0
OADMET-0005533,4.21,1.0
OADMET-0005532,5.22,1.0
OADMET-0005531,4.4,1.0
OADMET-0005530,4.88,1.0
OADMET-0005529,5.3,1.0
OADMET-0005528,3.86,1.0
OADMET-0005527,4.09,1.0
OADMET-0005526,5.07,1.0
OADMET-0005525,5.54,1.0
OADMET-0005524,5.3,1.0
OADMET-0005523,4.43,1.0
OADMET-0005522,5.37,1.0
OADMET-0005521,4.49,1.0
OADMET-0005520,4.29,1.0
OADMET-0005519,4.81,1.0
OADMET-0005518,5.39,1.0
OADMET-0005517,4.92,1.0
OADMET-0005516,4.46,1.0
OADMET-0005515,5.1,1.0
OADMET-0005514,4.7,1.0
OADMET-0005513,5.2,1.0
OADMET-0005512,5.01,1.0
OADMET-0005511,4.73,1.0
OADMET-0005510,4.99,1.0
OADMET-0005509,5.68,1.0
OADMET-0005508,5.34,1.0
OADMET-0005507,5.31,1.0
OADMET-0005506,5.18,1.0
OADMET-0005505,4.48,1.0
OADMET-0005504,4.77,1.0
OADMET-0005503,4.95,1.0
OADMET-0005502,4.87,1.0
OADMET-0005501,5.29,1.0
OADMET-0005500,4.64,1.0
OADMET-0005499,5.17,1.0
OADMET-0005498,3.8,1.0
OADMET-0005497,4.9,1.0
OADMET-0005496,5.08,1.0
OADMET-0005495,5.03,1.0
OADMET-0005494,5.36,1.0
OADMET-0005493,5.13,1.0
OADMET-0005492,5.35,1.0
OADMET-0005491,4.84,1.0
OADMET-0005490,4.96,1.0
OADMET-0005489,4.94,1.0
OADMET-0005488,5.04,1.0
OADMET-0005487,4.78,1.0
OADMET-0005486,4.93,1.0
OADMET-0005485,4.61,1.0
OADMET-0005484,4.93,1.0
OADMET-0005483,5.17,1.0
OADMET-0005482,4.99,1.0
OADMET-0005481,4.96,1.0
OADMET-0005480,5.11,1.0
OADMET-0005479,4.7,1.0
OADMET-0005478,5.06,1.0
OADMET-0005477,4.5,1.0
OADMET-0005476,5.3,1.0
OADMET-0005475,4.85,0.5
OADMET-0005474,5.27,1.0
OADMET-0005473,4.33,1.0
OADMET-0005472,4.92,1.0
OADMET-0005471,5.32,1.0
OADMET-0005470,4.23,1.0
OADMET-0005469,4.87,1.0
OADMET-0005468,4.38,1.0
OADMET-0005467,5.22,1.0
OADMET-0005466,4.43,1.0
OADMET-0005465,5.19,1.0
OADMET-0005464,4.81,1.0
OADMET-0005463,5.34,1.0
OADMET-0005462,4.86,1.0
OADMET-0005461,5.23,1.0
OADMET-0005460,5.15,1.0
OADMET-0005459,4.72,1.0
OADMET-0005458,4.75,1.0
OADMET-0005457,4.59,1.0
OADMET-0005456,5.22,1.0
OADMET-0005455,5.09,1.0
OADMET-0005454,4.69,1.0
OADMET-0005453,4.93,1.0
OADMET-0005452,4.61,1.0
OADMET-0005451,4.3,1.0
OADMET-0005450,5.43,1.0
OADMET-0005449,5.32,1.0
OADMET-0005448,5.31,1.0
OADMET-0005447,5.07,1.0
OADMET-0005446,5.24,1.0
OADMET-0005445,4.5,1.0
OADMET-0005444,4.57,1.0
OADMET-0005443,5.61,1.0
OADMET-0005442,5.03,1.0
OADMET-0005441,4.56,1.0
OADMET-0005440,5.01,1.0
OADMET-0005439,4.46,1.0
OADMET-0005438,4.63,1.0
OADMET-0005437,5.16,1.0
OADMET-0005436,4.58,1.0
OADMET-0005435,5.18,1.0
OADMET-0005434,5.01,1.0
OADMET-0005433,4.78,1.0
OADMET-0005432,5.48,1.0
OADMET-0005431,5.04,1.0
OADMET-0005430,4.75,1.0
OADMET-0005429,4.97,1.0
OADMET-0005428,5.0,1.0
OADMET-0005427,4.7,1.0
OADMET-0005426,5.16,1.0
OADMET-0005425,5.88,1.0
OADMET-0005424,3.9,1.0
OADMET-0005423,5.19,1.0
OADMET-0005422,4.86,1.0
OADMET-0005421,4.68,1.0
OADMET-0005420,5.25,1.0
OADMET-0005419,5.38,1.0
OADMET-0005418,4.84,1.0
OADMET-0005417,4.88,1.0
OADMET-0005416,5.28,1.0
OADMET-0005415,4.79,1.0
OADMET-0005414,4.42,1.0
OADMET-0005413,4.22,1.0
OADMET-0005412,4.89,1.0
OADMET-0005411,4.91,1.0
OADMET-0005410,5.15,1.0
OADMET-0005409,4.89,1.0
OADMET-0005408,5.82,1.0
OADMET-0005407,5.17,1.0
OADMET-0005406,4.69,1.0
OADMET-0005405,4.56,1.0
OADMET-0005404,5.31,1.0
OADMET-0005403,4.98,1.0
OADMET-0005402,5.1,1.0
OADMET-0005401,4.15,1.0
OADMET-0005400,4.83,1.0
OADMET-0005399,4.98,1.0
OADMET-0005398,4.93,1.0
OADMET-0005397,4.53,1.0
OADMET-0005396,4.29,1.0
OADMET-0005395,4.2,1.0
OADMET-0005394,5.26,1.0
OADMET-0005393,4.4,1.0
OADMET-0005392,4.43,1.0
OADMET-0005391,4.54,1.0
OADMET-0005390,3.34,2.5
OADMET-0005389,4.87,1.0
OADMET-0005388,6.06,1.0
OADMET-0005387,4.79,1.0
OADMET-0005386,4.88,1.0
OADMET-0005385,4.57,1.0
OADMET-0005384,4.62,1.0
OADMET-0005383,4.18,1.0
OADMET-0005382,4.74,1.0
OADMET-0005381,4.59,1.0
OADMET-0005380,4.16,1.0
OADMET-0005379,4.34,1.0
OADMET-0005378,4.89,1.0
OADMET-0005377,4.91,1.0
OADMET-0005376,4.8,1.0
OADMET-0005375,4.53,1.0
OADMET-0005374,4.68,1.0
OADMET-0005373,5.19,1.0
OADMET-0005372,5.23,1.0
OADMET-0005371,4.69,1.0
OADMET-0005370,4.5,1.0
OADMET-0005369,4.15,1.0
OADMET-0005368,3.98,1.0
OADMET-0005367,4.75,1.0
OADMET-0005366,4.83,1.0
OADMET-0005365,4.9,1.0
OADMET-0005364,4.62,1.0
OADMET-0005363,4.84,1.0
OADMET-0005362,4.58,1.0
OADMET-0005361,5.11,1.0
OADMET-0005360,3.98,1.0
OADMET-0005359,4.47,1.0
OADMET-0005358,4.43,1.0
OADMET-0005357,4.78,1.0
OADMET-0005356,4.72,1.0
OADMET-0005355,4.41,1.0
OADMET-0005354,4.45,1.0
OADMET-0005353,4.26,1.0
OADMET-0005352,5.17,1.0
OADMET-0005351,4.41,1.0
OADMET-0005350,4.71,1.0
OADMET-0005349,4.8,1.0
OADMET-0005348,4.5,1.0
OADMET-0005347,4.51,1.0
OADMET-0005346,4.51,1.0
OADMET-0005345,4.87,1.0
OADMET-0005344,5.04,1.0
OADMET-0005343,3.98,1.0
OADMET-0005342,5.2,1.0
OADMET-0005341,4.33,1.0
OADMET-0005340,4.22,1.0
OADMET-0005339,4.44,1.0
OADMET-0005338,5.06,1.0
OADMET-0005337,4.87,1.0
OADMET-0005336,4.75,1.0
OADMET-0005335,4.35,1.0
OADMET-0005334,4.47,1.0
OADMET-0005333,5.27,1.0
OADMET-0005332,4.98,1.0
OADMET-0005331,4.46,1.0
OADMET-0005330,4.21,1.0
OADMET-0005329,4.62,1.0
OADMET-0005328,4.74,1.0
OADMET-0005327,4.4,1.0
OADMET-0005326,4.4,1.0
OADMET-0005325,5.14,1.0
OADMET-0005324,4.08,1.0
OADMET-0005323,5.02,1.0
OADMET-0005322,4.88,1.0
OADMET-0005321,4.29,1.0
OADMET-0005320,4.54,1.0
OADMET-0005319,5.04,1.0
OADMET-0005318,4.42,1.0
OADMET-0005317,5.34,1.0
OADMET-0005316,5.07,1.0
OADMET-0005315,4.77,1.0
OADMET-0005314,4.34,1.0
OADMET-0005313,5.06,1.0
OADMET-0005312,4.57,1.0
OADMET-0005311,4.7,1.0
OADMET-0005310,5.14,1.0
OADMET-0005309,4.64,1.0
OADMET-0005308,4.49,1.0
OADMET-0005307,4.55,1.0
OADMET-0005306,5.16,1.0
OADMET-0005305,4.64,1.0
OADMET-0005304,4.6,1.0
OADMET-0005303,4.98,1.0
OADMET-0005302,4.96,1.0
OADMET-0005301,4.68,1.0
OADMET-0005300,4.38,1.0
OADMET-0005299,4.56,1.0
OADMET-0005298,4.26,1.0
OADMET-0005297,5.23,1.0
OADMET-0005296,4.43,1.0
OADMET-0005295,5.27,1.0
OADMET-0005294,4.97,1.0
OADMET-0005293,4.6,1.0
OADMET-0005292,4.39,1.0
OADMET-0005291,4.65,1.0
OADMET-0005290,5.16,1.0
OADMET-0005289,5.12,1.0
OADMET-0005288,4.53,1.0
OADMET-0005287,4.73,1.0
OADMET-0005286,3.26,2.5
OADMET-0005285,4.79,1.0
OADMET-0005284,4.93,1.0
OADMET-0005283,4.46,1.0
OADMET-0005282,4.54,1.0
OADMET-0005281,4.42,1.0
OADMET-0005280,5.02,1.0
OADMET-0005279,5.39,1.0
OADMET-0005278,4.78,1.0
OADMET-0005277,4.38,1.0
OADMET-0005276,4.92,1.0
OADMET-0005275,4.43,1.0
OADMET-0005274,4.26,1.0
OADMET-0005273,4.13,1.0
OADMET-0005272,4.3,1.0
OADMET-0005271,4.45,1.0
OADMET-0005270,4.28,1.0
OADMET-0005269,4.58,1.0
OADMET-0005268,4.73,1.0
OADMET-0005267,4.24,1.0
OADMET-0005266,5.09,1.0
OADMET-0005265,5.0,1.0
OADMET-0005264,4.75,1.0
OADMET-0005263,5.08,1.0
OADMET-0005262,4.24,1.0
OADMET-0005261,5.05,1.0
OADMET-0005260,4.55,1.0
OADMET-0005259,4.38,1.0
OADMET-0005258,4.36,1.0
OADMET-0005257,5.46,1.0
OADMET-0005256,4.93,1.0
OADMET-0005255,5.3,1.0
OADMET-0005254,4.04,1.0
OADMET-0005253,4.51,1.0
OADMET-0005252,4.86,1.0
OADMET-0005251,4.53,1.0
OADMET-0005250,4.35,1.0
OADMET-0005249,4.7,1.0
OADMET-0005248,4.53,1.0
OADMET-0005247,4.72,1.0
OADMET-0005246,4.81,1.0
OADMET-0005245,5.01,1.0
OADMET-0005244,4.81,1.0
OADMET-0005243,3.98,1.0
OADMET-0005242,4.46,1.0
OADMET-0005241,4.3,1.0
OADMET-0005240,4.24,1.0
OADMET-0005239,5.15,1.0
OADMET-0005238,4.73,1.0
OADMET-0005237,4.47,1.0
OADMET-0005236,5.19,1.0
OADMET-0005235,4.54,1.0
OADMET-0005234,4.87,1.0
OADMET-0005233,4.88,1.0
OADMET-0005232,5.45,1.0
OADMET-0005231,4.81,1.0
OADMET-0005230,5.21,1.0
OADMET-0005229,4.6,1.0
OADMET-0005228,4.89,1.0
OADMET-0005227,4.63,1.0
OADMET-0005226,4.2,1.0
OADMET-0005225,4.62,1.0
OADMET-0005224,4.91,1.0
OADMET-0005223,5.2,1.0
OADMET-0005222,5.48,1.0
OADMET-0005221,5.04,1.0
OADMET-0005220,5.16,1.0
OADMET-0005219,4.16,1.0
OADMET-0005218,5.57,1.0
OADMET-0005217,4.47,1.0
OADMET-0005216,4.14,1.0
OADMET-0005215,4.65,1.0
OADMET-0005214,5.12,1.0
OADMET-0005213,5.15,1.0
OADMET-0005212,4.87,1.0
OADMET-0005211,4.46,1.0
OADMET-0005210,4.52,1.0
OADMET-0005209,4.57,1.0
OADMET-0005208,4.93,1.0
OADMET-0005207,4.3,1.0
OADMET-0005206,5.13,1.0
OADMET-0005205,4.34,1.0
OADMET-0005204,4.61,1.0
OADMET-0005203,4.57,1.0
OADMET-0005202,4.47,1.0
OADMET-0005201,4.31,1.0
OADMET-0005200,5.33,1.0
OADMET-0005199,4.58,1.0
OADMET-0005198,4.8,1.0
OADMET-0005197,4.44,1.0
OADMET-0005196,5.07,1.0
OADMET-0005195,4.26,1.0
OADMET-0005194,4.92,1.0
OADMET-0005193,4.81,1.0
OADMET-0005192,4.39,1.0
OADMET-0005191,5.21,1.0
OADMET-0005190,5.57,1.0
OADMET-0005189,4.37,1.0
OADMET-0005188,4.78,1.0
OADMET-0005187,5.2,1.0
OADMET-0005186,4.4,0.5
OADMET-0005185,4.5,1.0
OADMET-0005184,4.82,1.0
OADMET-0005183,4.46,1.0
OADMET-0005182,4.87,1.0
OADMET-0005181,5.33,1.0
OADMET-0005180,4.86,1.0
OADMET-0005179,5.21,1.0
OADMET-0005178,5.0,1.0
OADMET-0005177,5.21,1.0
OADMET-0005176,4.86,1.0
OADMET-0005175,4.2,1.0
OADMET-0005174,4.62,1.0
OADMET-0005173,4.82,1.0
OADMET-0005172,5.2,1.0
OADMET-0005171,4.72,1.0
OADMET-0005170,5.14,1.0
OADMET-0005169,4.87,1.0
OADMET-0005168,4.95,1.0
OADMET-0005167,5.28,1.0
OADMET-0005166,5.37,1.0
OADMET-0005165,5.25,1.0
OADMET-0005164,4.84,1.0
OADMET-0005163,4.54,1.0
OADMET-0005162,4.9,1.0
OADMET-0005161,5.07,1.0
OADMET-0005160,4.49,1.0
OADMET-0005159,4.4,1.0
OADMET-0005158,4.61,1.0
OADMET-0005157,4.8,1.0
OADMET-0005156,4.31,1.0
OADMET-0005155,4.83,1.0
OADMET-0005154,4.89,1.0
OADMET-0005153,4.53,1.0
OADMET-0005152,5.06,1.0
OADMET-0005151,4.83,1.0
OADMET-0005150,5.02,1.0
OADMET-0005149,4.64,1.0
OADMET-0005148,4.92,1.0
OADMET-0005147,4.62,1.0
OADMET-0005146,4.45,1.0
OADMET-0005145,4.99,1.0
OADMET-0005144,4.6,1.0
OADMET-0005143,4.63,1.0
OADMET-0005142,4.49,1.0
OADMET-0005141,4.8,1.0
OADMET-0005140,4.87,1.0
OADMET-0005139,5.12,1.0
OADMET-0005138,4.84,1.0
OADMET-0005137,5.44,1.0
OADMET-0005136,5.05,1.0
OADMET-0005135,4.34,1.0
OADMET-0005134,4.42,1.0
OADMET-0005133,5.03,1.0
OADMET-0005132,5.33,1.0
OADMET-0005131,4.46,1.0
OADMET-0005130,5.1,1.0
OADMET-0005129,5.01,1.0
OADMET-0005128,5.46,1.0
OADMET-0005127,5.25,1.0
OADMET-0005126,4.15,1.0
OADMET-0005125,4.67,1.0
OADMET-0005124,4.5,1.0
OADMET-0005123,4.6,1.0
OADMET-0005122,4.52,1.0
OADMET-0005121,4.94,1.0
OADMET-0005120,4.19,1.0
OADMET-0005119,4.97,1.0
OADMET-0005118,4.36,1.0
OADMET-0005117,4.46,1.0
OADMET-0005116,5.3,1.0
OADMET-0005115,5.12,1.0
OADMET-0005114,4.01,1.0
OADMET-0005113,4.23,1.0
OADMET-0005112,4.26,1.0
OADMET-0005111,5.19,1.0
OADMET-0005110,4.93,1.0
OADMET-0005109,5.3,1.0
OADMET-0005108,5.1,1.0
OADMET-0005107,5.03,1.0
OADMET-0005106,4.73,1.0
OADMET-0005105,5.15,1.0
OADMET-0005104,5.26,1.0
OADMET-0005103,5.06,1.0
OADMET-0005102,5.09,1.0
OADMET-0005101,4.57,1.0
OADMET-0005100,4.44,1.0
OADMET-0005099,4.84,1.0
OADMET-0005098,5.09,1.0
OADMET-0005097,4.73,1.0
OADMET-0005096,5.23,1.0
OADMET-0005095,5.47,1.0
OADMET-0005094,5.24,1.0
OADMET-0005093,5.31,1.0
OADMET-0005092,4.73,1.0
OADMET-0005091,5.31,1.0
OADMET-0005090,5.44,1.0
OADMET-0005089,5.06,1.0
OADMET-0005088,4.57,1.0
OADMET-0005087,5.0,1.0
OADMET-0005086,3.99,1.0
OADMET-0005085,5.25,1.0
OADMET-0005084,4.58,1.0
OADMET-0005083,4.27,1.0
OADMET-0005082,5.32,1.0
OADMET-0005081,4.91,1.0
OADMET-0005080,4.43,1.0
OADMET-0005079,4.94,1.0
OADMET-0005078,5.24,1.0
OADMET-0005077,5.07,1.0
OADMET-0005076,4.35,1.0
OADMET-0005075,5.18,1.0
OADMET-0005074,5.08,1.0
OADMET-0005073,4.85,1.0
OADMET-0005072,5.06,1.0
OADMET-0005071,4.41,1.0
OADMET-0005070,5.3,1.0
OADMET-0005069,5.02,1.0
OADMET-0005068,5.43,1.0
OADMET-0005067,4.73,1.0
OADMET-0005066,4.72,1.0
OADMET-0005065,5.19,1.0
OADMET-0005064,4.99,1.0
OADMET-0005063,4.33,1.0
OADMET-0005062,4.99,1.0
OADMET-0005061,5.39,1.0
OADMET-0005060,5.25,1.0
OADMET-0005059,4.92,1.0
OADMET-0005058,4.96,1.0
OADMET-0005057,4.26,1.0
OADMET-0005056,4.83,1.0
OADMET-0005055,4.83,1.0
OADMET-0005054,4.79,1.0
OADMET-0005053,4.95,1.0
OADMET-0005052,4.82,1.0
OADMET-0005051,4.84,1.0
OADMET-0005050,5.22,1.0
OADMET-0005049,4.21,1.0
OADMET-0005048,5.05,1.0
OADMET-0005047,4.88,1.0
OADMET-0005046,5.1,1.0
OADMET-0005045,5.05,1.0
OADMET-0005044,4.84,1.0
OADMET-0005043,4.94,1.0
OADMET-0005042,4.69,1.0
OADMET-0005041,4.63,1.0
OADMET-0005040,4.68,1.0
OADMET-0005039,4.57,1.0
OADMET-0005038,4.86,1.0
OADMET-0005037,4.09,1.0
OADMET-0005036,4.93,1.0
OADMET-0005035,4.54,1.0
OADMET-0005034,4.88,1.0
OADMET-0005033,4.83,1.0
OADMET-0005032,4.82,1.0
OADMET-0005031,4.53,1.0
OADMET-0005030,5.07,1.0
OADMET-0005029,4.73,1.0
OADMET-0005028,5.3,1.0
OADMET-0005027,5.69,1.0
OADMET-0005026,5.0,1.0
OADMET-0005025,4.71,1.0
OADMET-0005024,5.02,1.0
OADMET-0005023,5.23,1.0
OADMET-0005022,4.74,1.0
OADMET-0005021,5.0,1.0
OADMET-0005020,5.24,1.0
OADMET-0005019,5.38,1.0
OADMET-0005018,4.7,1.0
OADMET-0005017,5.14,1.0
OADMET-0005016,5.13,1.0
OADMET-0005015,4.8,1.0
OADMET-0005014,4.66,1.0
OADMET-0005013,4.7,1.0
OADMET-0005012,5.33,1.0
OADMET-0005011,4.51,1.0
OADMET-0005010,4.61,1.0
OADMET-0005009,5.09,1.0
OADMET-0005008,4.57,1.0
OADMET-0005007,4.82,1.0
OADMET-0005006,5.05,1.0
OADMET-0005005,5.0,1.0
OADMET-0005004,4.35,1.0
OADMET-0005003,4.81,1.0
OADMET-0005002,4.87,1.0
OADMET-0005001,4.63,1.0
OADMET-0005000,4.57,1.0
OADMET-0004999,4.99,1.0
OADMET-0004998,5.08,1.0
OADMET-0004997,5.02,1.0
OADMET-0004996,5.03,1.0
OADMET-0004995,5.34,1.0
OADMET-0004994,5.16,1.0
OADMET-0004993,4.65,1.0
OADMET-0004992,4.78,1.0
OADMET-0004991,5.41,1.0
OADMET-0004990,5.51,1.0
OADMET-0004989,5.56,1.0
OADMET-0004988,4.87,1.0
OADMET-0004987,5.23,1.0
OADMET-0004986,4.87,1.0
OADMET-0004985,4.78,1.0
OADMET-0004984,5.33,1.0
OADMET-0004983,4.65,1.0
OADMET-0004982,4.47,1.0
OADMET-0004981,5.53,1.0
OADMET-0004980,5.35,1.0
OADMET-0004979,4.2,1.0
OADMET-0004978,5.05,1.0
OADMET-0004977,5.33,1.0
OADMET-0004976,4.56,1.0
OADMET-0004975,4.6,1.0
OADMET-0004974,4.98,1.0
OADMET-0004973,5.21,1.0
OADMET-0004972,4.24,1.0
OADMET-0004971,4.6,1.0
OADMET-0004970,5.22,1.0
OADMET-0004969,4.97,1.0
OADMET-0004968,4.73,1.0
OADMET-0004967,4.8,1.0
OADMET-0004966,5.15,1.0
OADMET-0004965,4.93,1.0
OADMET-0004964,5.21,1.0
OADMET-0004963,4.78,1.0
OADMET-0004962,4.27,1.0
OADMET-0004961,4.67,1.0
OADMET-0004960,5.39,1.0
OADMET-0004959,4.68,1.0
OADMET-0004958,4.97,1.0
OADMET-0004957,4.95,1.0
OADMET-0004956,5.42,1.0
OADMET-0004955,4.57,1.0
OADMET-0004954,5.03,1.0
OADMET-0004953,4.6,1.0
OADMET-0004952,5.03,1.0
OADMET-0004951,4.56,1.0
OADMET-0004950,5.33,1.0
OADMET-0004949,4.9,1.0
OADMET-0004948,4.54,1.0
OADMET-0004947,4.89,1.0
OADMET-0004946,4.56,1.0
OADMET-0004945,5.51,1.0
OADMET-0004944,4.37,1.0
OADMET-0004943,5.2,1.0
OADMET-0004942,5.06,1.0
OADMET-0004941,5.24,1.0
OADMET-0004940,5.67,1.0
OADMET-0004939,4.71,1.0
OADMET-0004938,5.01,1.0
OADMET-0004937,4.9,1.0
OADMET-0004936,3.97,1.0
OADMET-0004935,3.78,1.0
OADMET-0004934,4.83,1.0
OADMET-0004933,5.33,1.0
OADMET-0004932,5.49,1.0
OADMET-0004931,5.36,1.0
OADMET-0004930,4.1,1.0
OADMET-0004929,4.81,1.0
OADMET-0004928,5.55,1.0
OADMET-0004927,4.81,1.0
OADMET-0004926,5.54,1.0
OADMET-0004925,5.2,1.0
OADMET-0004924,4.3,1.0
OADMET-0004923,4.4,1.0
OADMET-0004922,5.34,1.0
OADMET-0004921,4.72,1.0
OADMET-0004920,4.68,1.0
OADMET-0004919,4.65,1.0
OADMET-0004918,4.53,1.0
OADMET-0004917,4.65,1.0
OADMET-0004916,4.79,1.0
OADMET-0004915,5.19,1.0
OADMET-0004914,5.16,1.0
OADMET-0004913,5.23,1.0
OADMET-0004912,5.47,1.0
OADMET-0004911,5.16,1.0
OADMET-0004910,5.09,1.0
OADMET-0004909,5.15,1.0
OADMET-0004908,5.58,1.0
OADMET-0004907,4.76,1.0
OADMET-0004906,5.1,1.0
OADMET-0004905,5.08,1.0
OADMET-0004904,4.86,1.0
OADMET-0004903,4.51,1.0
OADMET-0004902,4.98,1.0
OADMET-0004901,4.66,1.0
OADMET-0004900,4.73,1.0
OADMET-0004899,4.73,1.0
OADMET-0004898,4.56,1.0
OADMET-0004897,5.12,1.0
OADMET-0004896,4.77,1.0
OADMET-0004895,4.63,1.0
OADMET-0004894,4.73,1.0
OADMET-0004893,5.17,1.0
OADMET-0004892,5.08,1.0
OADMET-0004891,4.7,1.0
OADMET-0004890,4.66,1.0
OADMET-0004889,4.38,1.0
OADMET-0004888,4.59,1.0
OADMET-0004887,5.02,1.0
OADMET-0004886,4.25,1.0
OADMET-0004885,4.72,1.0
OADMET-0004884,5.09,1.0
OADMET-0004883,4.76,1.0
OADMET-0004882,4.49,1.0
OADMET-0004881,4.42,1.0
OADMET-0004880,4.93,1.0
OADMET-0004879,4.86,1.0
OADMET-0004878,4.72,1.0
OADMET-0004877,4.11,1.0
OADMET-0004876,4.8,1.0
OADMET-0004875,4.65,1.0
OADMET-0004874,4.89,1.0
OADMET-0004873,5.01,1.0
OADMET-0004872,4.77,1.0
OADMET-0004871,5.27,1.0
OADMET-0004870,4.79,1.0
OADMET-0004869,4.92,1.0
OADMET-0004868,4.71,1.0
OADMET-0004867,4.05,1.0
OADMET-0004866,4.51,1.0
OADMET-0004865,5.37,1.0
OADMET-0004864,4.2,1.0
OADMET-0004863,4.9,1.0
OADMET-0004862,4.54,1.0
OADMET-0004861,5.52,1.0
OADMET-0004860,4.22,1.0
OADMET-0004859,5.29,1.0
OADMET-0004858,5.27,1.0
OADMET-0004857,4.97,1.0
OADMET-0004856,4.49,1.0
OADMET-0004855,4.97,1.0
OADMET-0004854,4.05,1.0
OADMET-0004853,4.37,1.0
OADMET-0004852,5.61,1.0
OADMET-0004851,4.86,1.0
OADMET-0004850,5.0,1.0
OADMET-0004849,4.3,1.0
OADMET-0004848,4.81,1.0
OADMET-0004847,4.48,1.0
OADMET-0004846,4.95,1.0
OADMET-0004845,5.4,1.0
OADMET-0004844,5.37,1.0
OADMET-0004843,5.24,1.0
OADMET-0004842,5.11,1.0
OADMET-0004841,5.41,1.0
OADMET-0004840,4.95,1.0
OADMET-0004839,5.06,1.0
OADMET-0004838,5.09,1.0
OADMET-0004837,5.37,1.0
OADMET-0004836,4.11,1.0
OADMET-0004835,5.28,1.0
OADMET-0004834,4.64,1.0
OADMET-0004833,5.21,1.0
OADMET-0004832,4.81,1.0
OADMET-0004831,4.42,1.0
OADMET-0004830,4.67,1.0
OADMET-0004829,4.49,1.0
OADMET-0004828,4.46,1.0
OADMET-0004827,4.97,1.0
OADMET-0004826,5.03,1.0
OADMET-0004825,5.3,1.0
OADMET-0004824,4.13,1.0
OADMET-0004823,4.24,1.0
OADMET-0004822,3.92,1.0
OADMET-0004821,4.73,1.0
OADMET-0004820,4.93,1.0
OADMET-0004819,4.63,1.0
OADMET-0004818,4.88,1.0
OADMET-0004817,4.78,1.0
OADMET-0004816,4.64,1.0
OADMET-0004815,4.8,1.0
OADMET-0004814,4.83,1.0
OADMET-0004813,5.17,1.0
OADMET-0004812,4.72,1.0
OADMET-0004811,4.76,1.0
OADMET-0004810,4.49,1.0
OADMET-0004809,4.53,1.0
OADMET-0004808,4.51,1.0
OADMET-0004807,4.59,1.0
OADMET-0004806,4.11,1.0
OADMET-0004805,5.0,1.0
OADMET-0004804,4.67,1.0
OADMET-0004803,5.2,1.0
OADMET-0004802,4.67,1.0
OADMET-0004801,4.99,1.0
OADMET-0004800,4.44,1.0
OADMET-0004799,5.38,1.0
OADMET-0004798,4.63,1.0
OADMET-0004797,5.19,1.0
OADMET-0004796,4.72,1.0
OADMET-0004795,4.66,1.0
OADMET-0004794,4.58,1.0
OADMET-0004793,4.66,1.0
OADMET-0004792,4.04,1.0
OADMET-0004791,4.79,1.0
OADMET-0004790,5.31,1.0
OADMET-0004789,5.06,1.0
OADMET-0004788,5.12,1.0
OADMET-0004787,4.75,1.0
OADMET-0004786,5.01,1.0
OADMET-0004785,4.37,1.0
OADMET-0004784,4.73,1.0
OADMET-0004783,4.91,1.0
OADMET-0004782,4.22,1.0
OADMET-0004781,4.7,1.0
OADMET-0004780,5.58,1.0
OADMET-0004779,4.93,1.0
OADMET-0004778,4.74,1.0
OADMET-0004777,4.93,1.0
OADMET-0004776,4.98,1.0
OADMET-0004775,5.16,1.0
OADMET-0004774,4.72,1.0
OADMET-0004773,4.76,1.0
OADMET-0004772,4.68,1.0
OADMET-0004771,4.63,1.0
OADMET-0004770,4.15,1.0
OADMET-0004769,4.76,1.0
OADMET-0004768,4.58,1.0
OADMET-0004767,5.32,1.0
OADMET-0004766,3.97,1.0
OADMET-0004765,4.85,1.0
OADMET-0004764,4.95,1.0
OADMET-0004763,4.91,1.0
OADMET-0004762,4.8,1.0
OADMET-0004761,4.61,1.0
OADMET-0004760,5.27,1.0
OADMET-0004759,4.96,1.0
OADMET-0004758,4.96,1.0
OADMET-0004757,4.55,1.0
OADMET-0004756,4.5,1.0
OADMET-0004755,5.18,1.0
OADMET-0004754,4.82,1.0
OADMET-0004753,5.06,1.0
OADMET-0004752,4.45,1.0
OADMET-0004751,4.99,1.0
OADMET-0004750,3.92,1.0
OADMET-0004749,4.26,1.0
OADMET-0004748,5.11,1.0
OADMET-0004747,4.69,1.0
OADMET-0004746,5.04,1.0
OADMET-0004745,4.35,1.0
OADMET-0004744,4.4,1.0
OADMET-0004743,4.97,1.0
OADMET-0004742,4.98,1.0
OADMET-0004741,4.94,1.0
OADMET-0004740,4.81,1.0
OADMET-0004739,4.77,1.0
OADMET-0004738,4.31,1.0
OADMET-0004737,4.78,1.0
OADMET-0004736,4.33,1.0
OADMET-0004735,4.25,1.0
OADMET-0004734,4.61,1.0
OADMET-0004733,4.23,1.0
OADMET-0004732,4.95,1.0
OADMET-0004731,5.25,1.0
OADMET-0004730,5.33,1.0
OADMET-0004729,3.95,1.0
OADMET-0004728,4.34,1.0
OADMET-0004727,5.01,1.0
OADMET-0004726,4.89,1.0
OADMET-0004725,4.38,1.0
OADMET-0004724,4.43,1.0
OADMET-0004723,4.31,1.0
OADMET-0004722,4.49,1.0
OADMET-0004721,5.41,1.0
OADMET-0004720,4.59,1.0
OADMET-0004719,4.64,1.0
OADMET-0004718,4.38,1.0
OADMET-0004717,4.68,1.0
OADMET-0004716,4.29,1.0
OADMET-0004715,5.04,1.0
OADMET-0004714,4.41,1.0
OADMET-0004713,3.82,1.0
OADMET-0004712,4.39,1.0
OADMET-0004711,4.9,1.0
OADMET-0004710,4.56,1.0
OADMET-0004709,4.48,1.0
OADMET-0004708,4.97,1.0
OADMET-0004707,4.93,1.0
OADMET-0004706,4.44,1.0
OADMET-0004705,4.66,1.0
OADMET-0004704,4.75,1.0
OADMET-0004703,4.79,1.0
OADMET-0004702,4.85,1.0
OADMET-0004701,4.89,1.0
OADMET-0004700,5.36,1.0
OADMET-0004699,5.04,1.0
OADMET-0004698,4.23,1.0
OADMET-0004697,5.03,1.0
OADMET-0004696,4.21,1.0
OADMET-0004695,5.2,1.0
OADMET-0004694,4.76,1.0
OADMET-0004693,4.66,1.0
OADMET-0004692,4.35,1.0
OADMET-0004691,4.13,1.0
OADMET-0004690,4.79,1.0
OADMET-0004689,4.22,1.0
OADMET-0004688,4.48,1.0
OADMET-0004687,4.05,1.0
OADMET-0004686,4.89,1.0
OADMET-0004685,4.63,1.0
OADMET-0004684,5.0,1.0
OADMET-0004683,5.31,1.0
OADMET-0004682,4.88,1.0
OADMET-0004681,4.84,1.0
OADMET-0004680,5.15,1.0
OADMET-0004679,5.23,1.0
OADMET-0004678,5.08,1.0
OADMET-0004677,3.93,1.0
OADMET-0004673,4.78,1.0
OADMET-0004662,4.63,1.0
OADMET-0004653,4.72,1.0
OADMET-0004642,4.65,1.0
OADMET-0004629,4.41,1.0
OADMET-0004628,4.15,1.0
OADMET-0004625,4.72,1.0
OADMET-0004617,4.99,1.0
OADMET-0004611,4.66,1.0
OADMET-0004605,4.95,1.0
OADMET-0004590,5.48,1.0
OADMET-0004588,4.85,1.0
OADMET-0004581,4.76,1.0
OADMET-0004579,4.65,1.0
OADMET-0004577,4.8,1.0
OADMET-0004575,4.36,1.0
OADMET-0004570,5.04,1.0
OADMET-0004567,4.92,1.0
OADMET-0004566,4.71,1.0
OADMET-0004560,5.02,1.0
OADMET-0004551,4.43,1.0
OADMET-0004547,4.12,1.0
OADMET-0004514,5.26,1.0
OADMET-0004510,4.78,1.0
OADMET-0004498,5.18,1.0
OADMET-0004490,5.01,1.0
OADMET-0004489,5.41,1.0
OADMET-0004478,5.41,1.0
OADMET-0004472,4.86,1.0
OADMET-0004458,5.18,1.0
OADMET-0004452,4.89,1.0
OADMET-0004444,4.36,1.0
OADMET-0004442,4.7,1.0
OADMET-0004440,4.97,1.0
OADMET-0004439,4.2,1.0
OADMET-0004428,4.61,1.0
OADMET-0004419,4.55,1.0
OADMET-0004418,5.2,1.0
OADMET-0004415,4.17,1.0
OADMET-0004413,4.66,1.0
OADMET-0004402,4.66,1.0
OADMET-0004396,4.57,1.0
OADMET-0004394,4.1,1.0
OADMET-0004388,4.24,1.0
OADMET-0004379,4.78,1.0
OADMET-0004372,4.82,1.0
OADMET-0004349,4.1,1.0
OADMET-0004348,4.55,1.0
OADMET-0004345,4.53,1.0
OADMET-0004332,5.42,1.0
OADMET-0004327,4.89,1.0
OADMET-0004321,5.11,1.0
OADMET-0004315,4.04,1.0
OADMET-0004313,4.81,1.0
OADMET-0004305,5.19,1.0
OADMET-0004301,4.27,1.0
OADMET-0004297,5.04,1.0
OADMET-0004296,4.71,1.0
OADMET-0004294,5.48,1.0
OADMET-0004285,4.66,1.0
OADMET-0004281,4.85,1.0
OADMET-0004280,5.0,1.0
OADMET-0004279,4.63,1.0
OADMET-0004273,4.63,1.0
OADMET-0004272,4.23,1.0
OADMET-0004270,5.08,1.0
OADMET-0004267,4.3,1.0
OADMET-0004263,4.98,1.0
OADMET-0004261,5.0,1.0
OADMET-0004259,4.21,1.0
OADMET-0004256,5.3,1.0
OADMET-0004247,4.41,1.0
OADMET-0004239,4.91,1.0
OADMET-0004238,4.6,1.0
OADMET-0004237,4.4,1.0
OADMET-0004225,3.99,1.0
OADMET-0004220,4.36,1.0
OADMET-0004216,4.24,1.0
OADMET-0004214,5.24,1.0
OADMET-0004210,5.06,1.0
OADMET-0004207,4.22,1.0
OADMET-0004205,1.72,2.5
OADMET-0004203,5.07,1.0
OADMET-0004193,4.62,1.0
OADMET-0004187,4.73,1.0
OADMET-0004182,4.9,1.0
OADMET-0004180,4.85,1.0
OADMET-0004176,5.07,1.0
OADMET-0004172,4.71,1.0
OADMET-0004170,5.47,1.0
OADMET-0004168,4.79,1.0
OADMET-0004153,5.36,1.0
OADMET-0004129,4.51,1.0
OADMET-0004128,5.13,1.0
OADMET-0004116,5.66,1.0
OADMET-0004106,4.73,1.0
OADMET-0004105,5.18,1.0
OADMET-0004101,5.57,1.0
OADMET-0004094,4.41,1.0
OADMET-0004092,4.9,1.0
OADMET-0004090,3.75,1.0
OADMET-0004088,3.99,1.0
OADMET-0004080,4.66,1.0
OADMET-0004069,4.26,1.0
OADMET-0004067,4.82,1.0
OADMET-0004065,4.77,1.0
OADMET-0004064,4.52,1.0
OADMET-0004060,4.92,1.0
OADMET-0004056,4.92,1.0
OADMET-0004054,4.87,1.0
OADMET-0004053,4.86,1.0
OADMET-0004051,4.6,1.0
OADMET-0004047,5.05,1.0
OADMET-0004040,5.28,1.0
OADMET-0004029,4.45,1.0
OADMET-0004025,4.55,1.0
OADMET-0004024,5.08,1.0
OADMET-0004021,5.2,1.0
OADMET-0004014,5.13,1.0
OADMET-0004004,5.15,1.0
OADMET-0004003,5.12,1.0
OADMET-0003997,4.29,1.0
OADMET-0003994,4.3,1.0
OADMET-0003975,5.04,1.0
OADMET-0003971,5.0,1.0
OADMET-0003969,5.04,1.0
OADMET-0003963,5.17,1.0
OADMET-0003961,4.41,1.0
OADMET-0003960,4.97,1.0
OADMET-0003956,3.89,1.0
OADMET-0003950,5.05,1.0
OADMET-0003946,4.66,1.0
OADMET-0003942,5.44,1.0
OADMET-0003932,4.64,1.0
OADMET-0003930,4.9,1.0
OADMET-0003921,4.4,1.0
OADMET-0003914,5.16,1.0
OADMET-0003911,4.4,1.0
OADMET-0003900,5.29,1.0
OADMET-0003898,4.85,1.0
OADMET-0003889,4.89,1.0
OADMET-0003884,4.58,1.0
OADMET-0003879,4.21,1.0
OADMET-0003872,4.39,1.0
OADMET-0003866,5.07,1.0
OADMET-0003864,4.92,1.0
OADMET-0003862,4.37,1.0
OADMET-0003860,4.97,1.0
OADMET-0003858,4.64,1.0
OADMET-0003857,5.11,1.0
OADMET-0003853,4.92,1.0
OADMET-0003848,4.07,1.0
OADMET-0003844,4.54,1.0
OADMET-0003835,3.9,1.0
OADMET-0003834,5.26,1.0
OADMET-0003833,4.76,1.0
OADMET-0003832,5.34,1.0
OADMET-0003829,4.49,1.0
OADMET-0003828,4.77,1.0
OADMET-0003827,4.17,1.0
OADMET-0003823,5.02,1.0
OADMET-0003816,4.83,1.0
OADMET-0003812,3.27,2.5
OADMET-0003811,4.56,1.0
OADMET-0003810,4.86,1.0
OADMET-0003809,4.67,1.0
OADMET-0003808,3.54,1.0
OADMET-0003807,4.92,1.0
OADMET-0003806,3.28,2.5
OADMET-0003805,4.42,1.0
OADMET-0003804,4.4,1.0
OADMET-0003803,3.27,2.5
OADMET-0003802,4.61,1.0
OADMET-0003801,3.96,1.0
OADMET-0003800,4.48,1.0
OADMET-0003799,5.88,1.0
OADMET-0003798,4.23,1.0
OADMET-0003797,4.26,1.0
OADMET-0003796,4.86,1.0
OADMET-0003794,4.6,1.0
OADMET-0003793,4.16,1.0
OADMET-0003792,5.04,1.0
OADMET-0003791,5.1,1.0
OADMET-0003790,3.27,2.5
OADMET-0003789,3.24,2.5
OADMET-0003788,1.77,2.5
OADMET-0003787,4.06,1.0
OADMET-0003786,2.92,2.5
OADMET-0003785,2.02,2.5
OADMET-0003784,2.59,2.5
OADMET-0003783,4.86,1.0
OADMET-0003782,4.17,1.0
OADMET-0003781,5.46,1.0
OADMET-0003780,6.22,1.0
OADMET-0003779,4.67,1.0
OADMET-0003777,1.89,2.5
OADMET-0003775,3.06,2.5
OADMET-0003773,4.85,1.0
OADMET-0003772,1.78,2.5
OADMET-0003771,2.51,2.5
OADMET-0003770,3.79,1.0
OADMET-0003769,4.12,1.0
OADMET-0003768,2.54,2.5
OADMET-0003767,2.03,2.5
OADMET-0003766,3.89,1.0
OADMET-0003765,2.79,2.5
OADMET-0003764,3.94,1.0
OADMET-0003763,1.79,2.5
OADMET-0003762,4.18,1.0
OADMET-0003761,1.89,2.5
OADMET-0003760,3.26,2.5
OADMET-0003759,1.76,2.5
OADMET-0003758,5.11,1.0
OADMET-0003757,3.98,1.0
OADMET-0003756,4.0,1.0
OADMET-0003755,1.87,1.25
OADMET-0003754,3.93,0.5
OADMET-0003753,1.76,2.5
OADMET-0003752,4.27,1.0
OADMET-0003751,1.78,2.5
OADMET-0003750,2.05,2.5
OADMET-0003749,1.75,2.5
OADMET-0003748,2.01,2.5
OADMET-0003747,5.28,1.0
OADMET-0003746,3.89,1.0
OADMET-0003745,2.69,2.5
OADMET-0003744,4.46,1.0
OADMET-0003743,4.78,1.0
OADMET-0003742,2.13,2.5
OADMET-0003741,4.61,1.0
OADMET-0003740,1.86,2.5
OADMET-0003739,4.04,0.5
OADMET-0003738,5.01,1.0
OADMET-0003737,5.21,1.0
OADMET-0003736,2.69,2.5
OADMET-0003735,3.25,2.5
OADMET-0003734,4.67,1.0
OADMET-0003733,3.2,2.5
OADMET-0003732,4.98,1.0
OADMET-0003731,4.74,1.0
OADMET-0003730,5.74,1.0
OADMET-0003729,2.93,2.5
OADMET-0003728,2.74,2.5
OADMET-0003727,2.54,2.5
OADMET-0003726,1.98,2.5
OADMET-0003725,4.09,1.0
OADMET-0003724,4.55,1.0
OADMET-0003723,1.84,2.5
OADMET-0003722,3.1,1.25
OADMET-0003721,1.99,2.5
OADMET-0003720,2.89,2.5
OADMET-0003719,1.81,2.5
OADMET-0003718,3.25,2.5
OADMET-0003717,4.3,1.0
OADMET-0003716,5.64,1.0
OADMET-0003715,1.89,2.5
OADMET-0003714,4.54,1.0
OADMET-0003713,1.73,2.5
OADMET-0003712,1.81,1.25
OADMET-0003711,4.87,1.0
OADMET-0003710,4.4,1.0
OADMET-0003709,1.82,2.5
OADMET-0003708,4.68,1.0
OADMET-0003707,6.08,1.0
OADMET-0003706,4.92,1.0
OADMET-0003705,1.83,2.5
OADMET-0003704,4.19,1.0
OADMET-0003703,4.49,1.0
OADMET-0003702,1.81,2.5
OADMET-0003701,2.24,2.5
OADMET-0003700,5.52,1.0
OADMET-0003699,5.06,1.0
OADMET-0003697,5.13,1.0
OADMET-0003696,3.68,1.0
OADMET-0003695,4.48,1.0
OADMET-0003694,4.79,1.0
OADMET-0003693,3.92,1.0
OADMET-0003692,1.86,2.5
OADMET-0003691,2.4,2.5
OADMET-0003690,4.57,1.0
OADMET-0003689,3.95,1.0
OADMET-0003688,2.08,2.5
OADMET-0003687,1.84,1.25
OADMET-0003686,1.76,2.5
OADMET-0003685,1.93,2.5
OADMET-0003684,1.98,2.5
OADMET-0003683,4.39,1.0
OADMET-0003682,3.33,2.5
OADMET-0003681,2.97,2.5
OADMET-0003680,2.68,2.5
OADMET-0003679,2.44,2.5
OADMET-0003678,2.63,2.5
OADMET-0003677,1.86,2.5
OADMET-0003676,1.79,2.5
OADMET-0003675,1.98,2.5
OADMET-0003674,1.78,2.5
OADMET-0003673,1.83,2.5
OADMET-0003672,1.95,2.5
OADMET-0003671,3.25,2.5
OADMET-0003670,4.41,1.0
OADMET-0003669,4.71,1.0
OADMET-0003668,2.94,2.5
OADMET-0003667,2.25,2.5
OADMET-0003666,4.43,1.0
OADMET-0003665,4.95,1.0
OADMET-0003664,3.4,2.5
OADMET-0003663,4.57,1.0
OADMET-0003662,2.02,2.5
OADMET-0003661,4.9,1.0
OADMET-0003660,4.58,1.0
OADMET-0003659,2.89,2.5
OADMET-0003658,1.87,2.5
OADMET-0003656,4.53,1.0
OADMET-0003655,3.96,1.0
OADMET-0003654,2.27,2.5
OADMET-0003653,3.4,2.5
OADMET-0003652,6.58,1.0
OADMET-0003651,4.83,1.0
OADMET-0003650,1.82,2.5
OADMET-0003649,6.69,1.0
OADMET-0003648,4.45,1.0
OADMET-0003647,4.75,1.0
OADMET-0003646,4.21,0.5
OADMET-0003645,3.68,1.0
OADMET-0003644,4.67,1.0
OADMET-0003643,1.87,2.5
OADMET-0003642,2.74,2.5
OADMET-0003641,1.98,2.5
OADMET-0003640,5.03,1.0
OADMET-0003639,2.04,2.5
OADMET-0003638,5.33,1.0
OADMET-0003637,3.88,1.0
OADMET-0003636,4.3,1.0
OADMET-0003634,3.9,1.0
OADMET-0003633,1.82,2.5
OADMET-0003631,4.89,1.0
OADMET-0003630,5.66,1.0
OADMET-0003629,4.89,1.0
OADMET-0003628,2.54,2.5
OADMET-0003627,2.95,2.5
OADMET-0003626,5.88,0.5
OADMET-0003625,6.21,1.0
OADMET-0003624,1.9,2.5
OADMET-0003623,4.7,1.0
OADMET-0003622,1.74,2.5
OADMET-0003621,1.77,2.5
OADMET-0003620,3.89,1.0
OADMET-0003619,4.37,1.0
OADMET-0003618,4.35,0.5
OADMET-0003617,4.92,1.0
OADMET-0003616,4.04,1.0
OADMET-0003615,3.29,2.5
OADMET-0003614,4.56,1.0
OADMET-0003613,2.69,2.5
OADMET-0003612,4.57,1.0
OADMET-0003611,4.28,1.0
OADMET-0003610,1.82,2.5
OADMET-0003609,4.47,1.0
OADMET-0003608,5.55,1.0
OADMET-0003607,3.59,1.0
OADMET-0003606,3.81,1.0
OADMET-0003605,4.34,1.0
OADMET-0003604,4.88,1.0
OADMET-0003603,5.2,1.0
OADMET-0003602,5.09,1.0
OADMET-0003600,2.65,2.5
OADMET-0003599,4.75,1.0
OADMET-0003598,1.78,1.25
OADMET-0003597,2.06,2.5
OADMET-0003596,3.21,1.25
OADMET-0003595,2.51,2.5
OADMET-0003594,4.65,1.0
OADMET-0003593,4.31,1.0
OADMET-0003592,5.08,1.0
OADMET-0003591,3.29,2.5
OADMET-0003590,4.26,1.0
OADMET-0003589,3.73,1.0
OADMET-0003588,5.18,1.0
OADMET-0003587,5.14,1.0
OADMET-0003586,1.77,2.5
OADMET-0003585,1.74,2.5
OADMET-0003584,4.43,1.0
OADMET-0003583,2.59,2.5
OADMET-0003582,1.79,2.5
OADMET-0003581,2.04,2.5
OADMET-0003580,4.81,1.0
OADMET-0003579,2.45,2.5
OADMET-0003578,1.79,2.5
OADMET-0003577,4.42,1.0
OADMET-0003576,5.18,1.0
OADMET-0003575,4.18,1.0
OADMET-0003574,2.36,2.5
OADMET-0003573,4.52,1.0
OADMET-0003572,1.82,2.5
OADMET-0003571,2.24,2.5
OADMET-0003570,4.65,1.0
OADMET-0003569,1.75,2.5
OADMET-0003567,5.24,1.0
OADMET-0003566,4.68,1.0
OADMET-0003565,1.96,2.5
OADMET-0003564,4.84,0.5
OADMET-0003563,6.09,1.0
OADMET-0003562,5.42,1.0
OADMET-0003561,2.11,2.5
OADMET-0003560,3.0,2.5
OADMET-0003557,4.69,1.0
OADMET-0003556,3.98,1.0
OADMET-0003555,4.0,1.0
OADMET-0003554,4.71,1.0
OADMET-0003553,4.12,1.0
OADMET-0003552,4.24,1.0
OADMET-0003551,4.94,1.0
OADMET-0003550,5.25,1.0
OADMET-0003549,4.18,1.0
OADMET-0003548,4.18,1.0
OADMET-0003547,4.75,1.0
OADMET-0003546,4.34,1.0
OADMET-0003545,4.6,1.0
OADMET-0003544,4.7,1.0
OADMET-0003543,1.82,2.5
OADMET-0003542,5.69,1.0
OADMET-0003541,2.92,2.5
OADMET-0003540,2.09,2.5
OADMET-0003539,2.38,2.5
OADMET-0003538,2.57,2.5
OADMET-0003537,1.77,2.5
OADMET-0003536,5.82,1.0
OADMET-0003535,2.62,2.5
OADMET-0003534,5.66,1.0
OADMET-0003533,5.58,1.0
OADMET-0003532,5.62,1.0
OADMET-0003531,5.91,1.0
OADMET-0003530,5.6,1.0
OADMET-0003529,5.74,1.0
OADMET-0003528,1.91,2.5
OADMET-0003527,5.005,1.0
OADMET-0003526,6.63,1.0
OADMET-0003525,5.42,1.0
OADMET-0003524,5.92,1.0
OADMET-0003523,5.38,1.0
OADMET-0003522,1.73,2.5
OADMET-0003521,4.79,1.0
OADMET-0003520,5.49,1.0
OADMET-0003519,5.12,1.0
OADMET-0003518,5.25,1.0
OADMET-0003517,4.91,1.0
OADMET-0003516,5.29,1.0
OADMET-0003515,5.14,1.0
OADMET-0003514,5.35,1.0
OADMET-0003513,5.66,1.0
OADMET-0003512,5.89,1.0
OADMET-0003511,5.55,1.0
OADMET-0003510,5.2,1.0
OADMET-0003509,2.94,2.5
OADMET-0003508,5.23,1.0
OADMET-0003506,5.14,1.0
OADMET-0003505,5.74,1.0
OADMET-0003504,5.58,1.0
OADMET-0003503,6.140000000000001,1.0
OADMET-0003502,5.35,1.0
OADMET-0003501,5.23,1.0
OADMET-0003500,5.24,1.0
OADMET-0003499,6.215,1.0
OADMET-0003498,5.39,1.0
OADMET-0003497,2.95,2.5
OADMET-0003496,5.77,1.0
OADMET-0003495,3.42,2.5
OADMET-0003493,5.42,1.0
OADMET-0003492,5.47,1.0
OADMET-0003491,4.98,1.0
OADMET-0003490,5.57,1.0
OADMET-0003489,5.3,1.0
OADMET-0003488,5.37,1.0
OADMET-0003487,4.94,1.0
OADMET-0003486,5.880000000000001,1.0
OADMET-0003485,5.57,1.0
OADMET-0003484,5.39,1.0
OADMET-0003483,5.45,1.0
OADMET-0003482,5.43,1.0
OADMET-0003481,5.38,1.0
OADMET-0003480,5.33,1.0
OADMET-0003479,4.92,1.0
OADMET-0003478,1.83,2.5
OADMET-0003477,5.9,1.0
OADMET-0003476,4.79,1.0
OADMET-0003475,4.9,1.0
OADMET-0003474,5.89,1.0
OADMET-0003473,5.98,1.0
OADMET-0003472,6.015000000000001,1.0
OADMET-0003471,5.4,1.0
OADMET-0003470,5.82,1.0
OADMET-0003469,4.82,1.0
OADMET-0003468,1.85,2.5
OADMET-0003467,6.494999999999999,1.0
OADMET-0003466,5.3,1.0
OADMET-0003465,5.54,1.0
OADMET-0003464,5.16,1.0
OADMET-0003463,5.14,1.0
OADMET-0003462,4.92,1.0
OADMET-0003461,1.76,2.5
OADMET-0003460,5.555,1.0
OADMET-0003459,5.04,1.0
OADMET-0003458,2.05,2.5
OADMET-0003457,5.25,1.0
OADMET-0003456,1.79,2.5
OADMET-0003455,5.47,1.0
OADMET-0003454,1.78,2.5
OADMET-0003453,5.28,1.0
OADMET-0003452,5.67,1.0
OADMET-0003451,5.66,1.0
OADMET-0003450,5.28,1.0
OADMET-0003449,5.57,1.0
OADMET-0003448,5.01,1.0
OADMET-0003447,5.49,1.0
OADMET-0003446,5.35,1.0
OADMET-0003445,5.21,1.0
OADMET-0003444,2.55,2.5
OADMET-0003443,2.49,2.5
OADMET-0003442,6.325,1.0
OADMET-0003441,5.75,1.0
OADMET-0003440,5.49,1.0
OADMET-0003439,5.33,1.0
OADMET-0003438,6.0,1.0
OADMET-0003437,5.955,1.0
OADMET-0003436,5.859999999999999,1.0
OADMET-0003435,5.56,1.0
OADMET-0003434,6.01,1.0
OADMET-0003433,5.83,1.0
OADMET-0003432,5.48,1.0
OADMET-0003431,5.7,1.0
OADMET-0003430,3.79,1.0
OADMET-0003429,5.31,1.0
OADMET-0003428,5.09,1.0
OADMET-0003427,5.34,1.0
OADMET-0003426,5.49,1.0
OADMET-0003425,5.59,1.0
OADMET-0003424,5.69,1.0
OADMET-0003423,3.0,2.5
OADMET-0003422,5.53,1.0
OADMET-0003421,3.38,2.5
OADMET-0003420,5.3,1.0
OADMET-0003419,5.68,1.0
OADMET-0003418,5.44,1.0
OADMET-0003417,5.87,1.0
OADMET-0003416,4.81,1.0
OADMET-0003415,5.89,1.0
OADMET-0003414,6.845,1.0
OADMET-0003413,5.54,1.0
OADMET-0003412,5.975,1.0
OADMET-0003411,5.8,1.0
OADMET-0003410,2.28,1.25
OADMET-0003409,6.41,1.0
OADMET-0003408,5.45,1.0
OADMET-0003407,5.48,1.0
OADMET-0003406,5.85,1.0
OADMET-0003405,2.42,2.5
OADMET-0003404,5.88,1.0
OADMET-0003403,5.61,1.0
OADMET-0003402,5.81,1.0
OADMET-0003401,5.25,1.0
OADMET-0003400,5.38,1.0
OADMET-0003399,5.3,1.0
OADMET-0003398,5.33,1.0
OADMET-0003397,6.470000000000001,1.0
OADMET-0003396,5.33,1.0
OADMET-0003395,5.58,1.0
OADMET-0003394,1.74,2.5
OADMET-0003393,1.97,2.5
OADMET-0003392,3.33,2.5
OADMET-0003391,5.06,1.0
OADMET-0003390,5.29,1.0
OADMET-0003389,5.31,1.0
OADMET-0003388,5.5,1.0
OADMET-0003387,4.97,1.0
OADMET-0003386,3.35,2.5
OADMET-0003385,5.48,1.0
OADMET-0003384,5.16,1.0
OADMET-0003383,5.38,1.0
OADMET-0003381,4.635,1.0
OADMET-0003380,5.02,1.0
OADMET-0003379,5.68,0.5
OADMET-0003378,5.51,1.0
OADMET-0003377,5.57,1.0
OADMET-0003376,5.81,1.0
OADMET-0003375,5.19,1.0
OADMET-0003374,5.16,1.0
OADMET-0003373,1.86,2.5
OADMET-0003372,5.37,1.0
OADMET-0003371,5.05,1.0
OADMET-0003370,2.45,2.5
OADMET-0003369,1.96,2.5
OADMET-0003368,6.27,1.0
OADMET-0003367,5.56,1.0
OADMET-0003366,5.59,1.0
OADMET-0003365,5.58,1.0
OADMET-0003364,3.18,2.5
OADMET-0003363,5.84,1.0
OADMET-0003362,5.61,1.0
OADMET-0003361,1.88,2.5
OADMET-0003360,5.39,1.0
OADMET-0003358,4.86,1.0
OADMET-0003357,6.255,1.0
OADMET-0003356,5.45,1.0
OADMET-0003355,2.96,2.5
OADMET-0003354,3.9,1.0
OADMET-0003353,5.64,1.0
OADMET-0003352,5.59,1.0
OADMET-0003351,5.07,1.0
OADMET-0003350,5.82,1.0
OADMET-0003349,5.41,1.0
OADMET-0003348,6.33,1.0
OADMET-0003347,5.83,1.0
OADMET-0003346,5.34,1.0
OADMET-0003345,4.975,1.0
OADMET-0003344,6.26,1.0
OADMET-0003343,5.965,1.0
OADMET-0003342,5.38,1.0
OADMET-0003341,6.09,1.0
OADMET-0003340,4.98,1.0
OADMET-0003339,2.62,2.5
OADMET-0003338,5.42,1.0
OADMET-0003337,5.01,1.0
OADMET-0003336,5.65,1.0
OADMET-0003335,1.85,2.5
OADMET-0003334,6.16,1.0
OADMET-0003333,5.44,1.0
OADMET-0003332,5.29,1.0
OADMET-0003331,5.67,1.0
OADMET-0003330,5.29,1.0
OADMET-0003329,5.67,1.0
OADMET-0003328,5.13,1.0
OADMET-0003327,5.69,1.0
OADMET-0003326,5.39,1.0
OADMET-0003325,5.69,1.0
OADMET-0003324,5.86,1.0
OADMET-0003323,2.69,2.5
OADMET-0003322,6.23,1.0
OADMET-0003321,5.84,1.0
OADMET-0003320,5.24,1.0
OADMET-0003319,5.13,1.0
OADMET-0003318,5.45,1.0
OADMET-0003317,2.65,2.5
OADMET-0003316,5.945,1.0
OADMET-0003315,5.1,1.0
OADMET-0003314,5.77,1.0
OADMET-0003313,3.31,2.5
OADMET-0003312,5.865,1.0
OADMET-0003311,5.78,1.0
OADMET-0003310,5.64,1.0
OADMET-0003309,5.33,1.0
OADMET-0003308,5.0,1.0
OADMET-0003306,5.76,1.0
OADMET-0003305,1.83,2.5
OADMET-0003303,5.62,1.0
OADMET-0003302,4.86,1.0
OADMET-0003301,5.42,1.0
OADMET-0003300,5.27,1.0
OADMET-0003299,4.75,1.0
OADMET-0003298,5.85,1.0
OADMET-0003297,5.55,1.0
OADMET-0003296,5.77,1.0
OADMET-0003295,1.73,2.5
OADMET-0003294,5.23,1.0
OADMET-0003293,5.25,1.0
OADMET-0003292,5.43,1.0
OADMET-0003291,5.865,1.0
OADMET-0003289,5.2,1.0
OADMET-0003288,5.39,1.0
OADMET-0003287,5.27,1.0
OADMET-0003286,5.51,1.0
OADMET-0003285,1.73,2.5
OADMET-0003284,4.89,1.0
OADMET-0003283,5.79,1.0
OADMET-0003282,5.55,1.0
OADMET-0003281,5.45,1.0
OADMET-0003280,5.32,1.0
OADMET-0003279,4.98,1.0
OADMET-0003278,5.31,1.0
OADMET-0003277,5.85,1.0
OADMET-0003276,5.79,1.0
OADMET-0003275,5.96,1.0
OADMET-0003274,1.74,2.5
OADMET-0003273,5.54,1.0
OADMET-0003272,5.13,1.0
OADMET-0003271,5.62,1.0
OADMET-0003270,5.99,1.0
OADMET-0003269,5.83,1.0
OADMET-0003268,4.99,1.0
OADMET-0003267,1.75,2.5
OADMET-0003266,6.18,1.0
OADMET-0003265,5.15,1.0
OADMET-0003264,5.265000000000001,1.0
OADMET-0003263,4.78,1.0
OADMET-0003262,5.2,1.0
OADMET-0003261,1.74,2.5
OADMET-0003260,5.98,1.0
OADMET-0003258,6.105,1.0
OADMET-0003257,6.6850000000000005,1.0
OADMET-0003256,5.09,1.0
OADMET-0003255,5.18,1.0
OADMET-0003254,2.93,2.5
OADMET-0003253,5.47,1.0
OADMET-0003252,5.05,1.0
OADMET-0003251,5.1,1.0
OADMET-0003250,5.06,1.0
OADMET-0003249,5.08,1.0
OADMET-0003248,1.83,2.5
OADMET-0003247,5.26,1.0
OADMET-0003246,5.765000000000001,1.0
OADMET-0003245,5.31,1.0
OADMET-0003244,5.99,1.0
OADMET-0003243,1.91,2.5
OADMET-0003242,5.21,1.0
OADMET-0003241,5.83,1.0
OADMET-0003240,6.215,1.0
OADMET-0003239,3.78,1.0
OADMET-0003238,5.19,1.0
OADMET-0003237,5.38,1.0
OADMET-0003236,1.77,2.5
OADMET-0003235,5.19,1.0
OADMET-0003234,5.43,1.0
OADMET-0003233,5.58,1.0
OADMET-0003232,4.65,1.0
OADMET-0003231,5.48,1.0
OADMET-0003230,5.29,1.0
OADMET-0003229,4.97,1.0
OADMET-0003228,5.4,1.0
OADMET-0003227,5.21,1.0
OADMET-0003226,5.77,1.0
OADMET-0003225,1.82,2.5
OADMET-0003224,4.12,1.0
OADMET-0003223,5.76,1.0
OADMET-0003222,5.1,1.0
OADMET-0003221,5.74,1.0
OADMET-0003220,5.01,1.0
OADMET-0003219,5.17,1.0
OADMET-0003218,5.11,1.0
OADMET-0003217,4.220000000000001,1.0
OADMET-0003216,1.78,2.5
OADMET-0003215,5.14,1.0
OADMET-0003214,5.66,1.0
OADMET-0003213,1.75,2.5
OADMET-0003212,5.98,1.0
OADMET-0003211,5.6,1.0
OADMET-0003210,5.3,1.0
OADMET-0003209,4.95,1.0
OADMET-0003208,5.13,1.0
OADMET-0003207,5.67,1.0
OADMET-0003206,5.29,1.0
OADMET-0003205,5.14,1.0
OADMET-0003204,1.87,2.5
OADMET-0003203,5.78,1.0
OADMET-0003202,4.96,1.0
OADMET-0003201,5.71,1.0
OADMET-0003200,5.89,1.0
OADMET-0003199,5.78,1.0
OADMET-0003198,5.68,1.0
OADMET-0003197,5.02,1.0
OADMET-0003196,5.16,1.0
OADMET-0003195,5.22,1.0
OADMET-0003194,5.35,1.0
OADMET-0003193,1.76,2.5
OADMET-0003192,5.975,1.0
OADMET-0003191,5.05,1.0
OADMET-0003190,5.66,1.0
OADMET-0003189,4.71,1.0
OADMET-0003188,5.18,1.0
OADMET-0003187,5.23,1.0
OADMET-0003186,6.605,1.0
OADMET-0003185,5.27,1.0
OADMET-0003184,5.15,1.0
OADMET-0003183,5.4,1.0
OADMET-0003182,5.11,1.0
OADMET-0003181,5.64,1.0
OADMET-0003180,5.27,1.0
OADMET-0003179,5.15,1.0
OADMET-0003178,4.81,1.0
OADMET-0003177,4.6,1.0
OADMET-0003176,4.78,1.0
OADMET-0003175,4.86,1.0
OADMET-0003174,5.27,1.0
OADMET-0003173,6.56,1.0
OADMET-0003172,5.46,1.0
OADMET-0003171,5.2,1.0
OADMET-0003170,5.54,1.0
OADMET-0003168,5.08,1.0
OADMET-0003167,5.63,1.0
OADMET-0003166,5.77,0.5
OADMET-0003165,5.74,1.0
OADMET-0003164,4.92,1.0
OADMET-0003163,5.3,1.0
OADMET-0003162,5.55,1.0
OADMET-0003161,5.15,1.0
OADMET-0003160,3.89,0.5
OADMET-0003159,5.1,1.0
OADMET-0003158,6.39,1.0
OADMET-0003157,3.03,2.5
OADMET-0003156,5.015000000000001,1.0
OADMET-0003155,5.75,1.0
OADMET-0003154,5.6,1.0
OADMET-0003153,5.52,1.0
OADMET-0003152,5.29,1.0
OADMET-0003151,5.63,1.0
OADMET-0003150,4.86,1.0
OADMET-0003149,5.74,1.0
OADMET-0003148,5.66,1.0
OADMET-0003147,1.74,2.5
OADMET-0003146,3.64,1.0
OADMET-0003145,3.29,2.5
OADMET-0003144,5.11,1.0
OADMET-0003143,5.68,1.0
OADMET-0003142,5.66,1.0
OADMET-0003141,5.69,1.0
OADMET-0003140,1.84,2.5
OADMET-0003139,5.25,1.0
OADMET-0003138,5.47,1.0
OADMET-0003137,5.28,1.0
OADMET-0003136,5.12,1.0
OADMET-0003135,5.54,1.0
OADMET-0003134,5.09,1.0
OADMET-0003133,6.22,1.0
OADMET-0003132,4.62,1.0
OADMET-0003131,5.11,1.0
OADMET-0003130,5.56,1.0
OADMET-0003129,2.87,2.5
OADMET-0003128,4.859999999999999,1.0
OADMET-0003127,5.44,1.0
OADMET-0003126,5.2,1.0
OADMET-0003125,4.91,1.0
OADMET-0003124,5.99,1.0
OADMET-0003123,5.17,1.0
OADMET-0003122,5.37,1.0
OADMET-0003121,5.43,1.0
OADMET-0003120,5.37,1.0
OADMET-0003119,5.17,1.0
OADMET-0003118,6.3100000000000005,1.0
OADMET-0003117,5.08,1.0
OADMET-0003116,5.19,1.0
OADMET-0003114,5.13,1.0
OADMET-0003113,5.62,1.0
OADMET-0003112,5.54,1.0
OADMET-0003111,5.71,1.0
OADMET-0003110,5.45,1.0
OADMET-0003109,5.64,1.0
OADMET-0003108,5.15,1.0
OADMET-0003107,5.48,1.0
OADMET-0003106,5.43,1.0
OADMET-0003105,5.5,1.0
OADMET-0003104,5.46,1.0
OADMET-0003103,5.22,1.0
OADMET-0003102,5.82,1.0
OADMET-0003101,5.61,1.0
OADMET-0003100,4.99,1.0
OADMET-0003099,5.7,1.0
OADMET-0003098,5.14,1.0
OADMET-0003097,5.9,1.0
OADMET-0003095,4.77,1.0
OADMET-0003094,5.02,1.0
OADMET-0003093,4.76,1.0
OADMET-0003092,3.69,1.0
OADMET-0003090,4.86,1.0
OADMET-0003089,2.08,2.5
OADMET-0003088,6.14,1.0
OADMET-0003087,3.13,2.5
OADMET-0003086,2.01,2.5
OADMET-0003085,4.21,1.0
OADMET-0003084,5.42,1.0
OADMET-0003083,1.76,2.5
OADMET-0003082,1.77,2.5
OADMET-0003081,5.59,1.0
OADMET-0003080,4.89,1.0
OADMET-0003079,2.88,2.5
OADMET-0003078,5.28,1.0
OADMET-0003077,4.32,1.0
OADMET-0003076,3.86,1.0
OADMET-0003075,4.99,1.0
OADMET-0003073,3.14,2.5
OADMET-0003071,5.59,1.0
OADMET-0003070,5.25,1.0
OADMET-0003069,5.7,1.0
OADMET-0003068,5.41,1.0
OADMET-0003067,5.21,1.0
OADMET-0003066,5.07,1.0
OADMET-0003065,5.14,1.0
OADMET-0003064,5.32,1.0
OADMET-0003063,5.11,1.0
OADMET-0003062,4.84,1.0
OADMET-0003061,4.94,1.0
OADMET-0003060,5.45,1.0
OADMET-0003059,5.17,1.0
OADMET-0003057,2.1,2.5
OADMET-0003056,4.94,1.0
OADMET-0003055,5.63,1.0
OADMET-0003054,3.63,1.0
OADMET-0003053,4.87,1.0
OADMET-0003052,4.84,1.0
OADMET-0003051,5.21,1.0
OADMET-0003050,3.8,1.0
OADMET-0003049,5.18,1.0
OADMET-0003048,6.46,1.0
OADMET-0003047,5.03,1.0
OADMET-0003046,5.355,1.0
OADMET-0003045,5.22,1.0
OADMET-0003044,5.59,1.0
OADMET-0003043,6.34,1.0
OADMET-0003042,5.0,1.0
OADMET-0003041,5.36,1.0
OADMET-0003040,5.04,1.0
OADMET-0003039,5.42,1.0
OADMET-0003038,4.87,1.0
OADMET-0003037,5.58,1.0
OADMET-0003036,5.11,1.0
OADMET-0003035,5.27,1.0
OADMET-0003034,5.22,1.0
OADMET-0003033,5.16,1.0
OADMET-0003032,4.31,1.0
OADMET-0003031,4.99,1.0
OADMET-0003030,5.04,1.0
OADMET-0003029,5.44,1.0
OADMET-0003028,5.22,1.0
OADMET-0003027,4.98,1.0
OADMET-0003026,5.8,1.0
OADMET-0003025,5.6,1.0
OADMET-0003024,5.09,1.0
OADMET-0003023,4.88,1.0
OADMET-0003022,5.19,1.0
OADMET-0003021,5.53,1.0
OADMET-0003020,5.28,1.0
OADMET-0003019,4.63,1.0
OADMET-0003018,4.65,1.0
OADMET-0003017,6.205,1.0
OADMET-0003016,4.75,1.0
OADMET-0003015,4.91,1.0
OADMET-0003014,5.24,1.0
OADMET-0003013,4.78,1.0
OADMET-0003012,4.78,1.0
OADMET-0003011,5.72,1.0
OADMET-0003010,5.63,1.0
OADMET-0003009,4.94,1.0
OADMET-0003008,5.27,1.0
OADMET-0003007,4.6,1.0
OADMET-0003006,5.15,1.0
OADMET-0003005,5.17,1.0
OADMET-0003004,5.16,1.0
OADMET-0003003,5.23,1.0
OADMET-0003002,5.38,1.0
OADMET-0003001,5.46,1.0
OADMET-0003000,4.69,1.0
OADMET-0002999,5.11,1.0
OADMET-0002998,5.28,1.0
OADMET-0002997,5.25,1.0
OADMET-0002996,3.65,1.0
OADMET-0002995,3.43,2.5
OADMET-0002994,4.73,1.0
OADMET-0002993,5.06,1.0
OADMET-0002992,6.02,1.0
OADMET-0002991,5.15,1.0
OADMET-0002990,3.35,2.5
OADMET-0002989,3.16,2.5
OADMET-0002988,5.18,1.0
OADMET-0002987,5.61,1.0
OADMET-0002986,4.6,1.0
OADMET-0002985,5.105,1.0
OADMET-0002984,5.09,1.0
OADMET-0002983,4.95,1.0
OADMET-0002982,5.31,1.0
OADMET-0002981,5.97,1.0
OADMET-0002980,3.17,1.25
OADMET-0002979,5.59,1.0
OADMET-0002978,5.11,1.0
OADMET-0002977,5.02,1.0
OADMET-0002976,4.93,1.0
OADMET-0002975,5.71,1.0
OADMET-0002974,4.755,1.0
OADMET-0002973,5.55,1.0
OADMET-0002972,5.26,1.0
OADMET-0002971,5.79,1.0
OADMET-0002970,5.28,1.0
OADMET-0002969,5.08,1.0
OADMET-0002968,5.32,1.0
OADMET-0002967,4.83,1.0
OADMET-0002966,4.96,1.0
OADMET-0002965,5.01,1.0
OADMET-0002964,5.404999999999999,1.0
OADMET-0002963,4.74,1.0
OADMET-0002962,5.88,1.0
OADMET-0002961,5.71,1.0
OADMET-0002960,5.11,1.0
OADMET-0002959,4.94,1.0
OADMET-0002958,5.35,1.0
OADMET-0002957,5.12,1.0
OADMET-0002955,5.53,1.0
OADMET-0002954,5.12,1.0
OADMET-0002953,5.25,1.0
OADMET-0002952,5.64,1.0
OADMET-0002951,3.25,2.5
OADMET-0002950,5.800000000000001,1.0
OADMET-0002949,4.97,1.0
OADMET-0002948,4.64,1.0
OADMET-0002947,3.34,2.5
OADMET-0002946,5.915,1.0
OADMET-0002945,2.68,2.5
OADMET-0002944,6.04,1.0
OADMET-0002943,5.16,1.0
OADMET-0002942,5.37,1.0
OADMET-0002941,5.51,1.0
OADMET-0002940,5.05,1.0
OADMET-0002939,5.17,1.0
OADMET-0002938,4.6,1.0
OADMET-0002937,4.85,1.0
OADMET-0002936,4.64,1.0
OADMET-0002935,5.28,1.0
OADMET-0002934,4.9,1.0
OADMET-0002933,5.26,1.0
OADMET-0002932,5.17,1.0
OADMET-0002930,5.53,1.0
OADMET-0002929,3.1,2.5
OADMET-0002928,5.54,1.0
OADMET-0002927,5.1,1.0
OADMET-0002926,4.87,1.0
OADMET-0002925,3.58,1.0
OADMET-0002924,3.78,1.0
OADMET-0002923,5.27,1.0
OADMET-0002922,5.42,1.0
OADMET-0002921,5.79,1.0
OADMET-0002920,5.2,1.0
OADMET-0002919,4.85,1.0
OADMET-0002918,4.8,1.0
OADMET-0002917,3.95,1.0
OADMET-0002916,5.22,1.0
OADMET-0002915,4.97,1.0
OADMET-0002914,5.46,1.0
OADMET-0002913,5.22,1.0
OADMET-0002912,6.13,1.0
OADMET-0002911,5.06,1.0
OADMET-0002910,5.035,1.0
OADMET-0002909,4.78,1.0
OADMET-0002908,5.19,1.0
OADMET-0002907,5.51,1.0
OADMET-0002906,5.54,1.0
OADMET-0002905,4.72,1.0
OADMET-0002904,5.44,1.0
OADMET-0002903,5.4,1.0
OADMET-0002902,5.74,1.0
OADMET-0002901,5.14,1.0
OADMET-0002900,5.95,1.0
OADMET-0002899,5.78,1.0
OADMET-0002898,2.54,2.5
OADMET-0002897,4.89,1.0
OADMET-0002896,5.42,1.0
OADMET-0002895,5.43,1.0
OADMET-0002894,5.1,1.0
OADMET-0002893,5.09,1.0
OADMET-0002892,5.42,1.0
OADMET-0002889,4.79,1.0
OADMET-0002888,2.67,2.5
OADMET-0002887,4.96,1.0
OADMET-0002886,1.77,2.5
OADMET-0002885,1.78,2.5
OADMET-0002884,5.21,1.0
OADMET-0002883,5.48,1.0
OADMET-0002882,5.25,1.0
OADMET-0002881,1.76,2.5
OADMET-0002880,5.06,1.0
OADMET-0002879,5.42,1.0
OADMET-0002878,5.0,1.0
OADMET-0002877,3.08,2.5
OADMET-0002876,5.34,1.0
OADMET-0002875,1.99,2.5
OADMET-0002874,5.33,1.0
OADMET-0002873,5.22,1.0
OADMET-0002872,4.74,1.0
OADMET-0002871,5.16,1.0
OADMET-0002870,5.07,1.0
OADMET-0002869,5.51,1.0
OADMET-0002868,5.44,1.0
OADMET-0002867,5.12,1.0
OADMET-0002866,3.47,2.5
OADMET-0002865,5.44,1.0
OADMET-0002864,4.94,1.0
OADMET-0002863,1.79,2.5
OADMET-0002862,2.57,2.5
OADMET-0002861,5.83,1.0
OADMET-0002860,5.3,1.0
OADMET-0002859,5.83,1.0
OADMET-0002858,2.82,2.5
OADMET-0002857,5.86,1.0
OADMET-0002856,5.545,1.0
OADMET-0002855,5.33,1.0
OADMET-0002854,5.59,1.0
OADMET-0002853,1.76,2.5
OADMET-0002852,4.86,1.0
OADMET-0002851,4.97,1.0
OADMET-0002850,5.35,1.0
OADMET-0002849,5.44,1.0
OADMET-0002848,5.69,1.0
OADMET-0002847,5.27,1.0
OADMET-0002846,5.4,1.0
OADMET-0002845,5.71,1.0
OADMET-0002844,5.88,1.0
OADMET-0002843,3.84,1.0
OADMET-0002842,5.04,1.0
OADMET-0002841,5.45,1.0
OADMET-0002840,5.14,1.0
OADMET-0002839,1.74,2.5
OADMET-0002838,5.14,1.0
OADMET-0002837,1.73,2.5
OADMET-0002836,2.91,2.5
OADMET-0002835,5.01,1.0
OADMET-0002834,5.64,1.0
OADMET-0002833,4.885,1.0
OADMET-0002832,5.38,1.0
OADMET-0002831,4.04,1.0
OADMET-0002830,5.4,1.0
OADMET-0002829,5.64,1.0
OADMET-0002828,3.73,1.0
OADMET-0002827,5.91,1.0
OADMET-0002825,6.225,1.0
OADMET-0002824,6.52,1.0
OADMET-0002823,5.39,1.0
OADMET-0002822,5.47,1.0
OADMET-0002821,5.52,1.0
OADMET-0002820,5.73,1.0
OADMET-0002819,6.345000000000001,1.0
OADMET-0002818,5.74,1.0
OADMET-0002817,5.3,1.0
OADMET-0002816,5.51,1.0
OADMET-0002815,5.72,1.0
OADMET-0002814,5.28,1.0
OADMET-0002813,5.02,1.0
OADMET-0002812,5.0,1.0
OADMET-0002811,5.03,1.0
OADMET-0002810,5.949999999999999,1.0
OADMET-0002809,5.74,1.0
OADMET-0002808,5.19,1.0
OADMET-0002807,5.775,1.0
OADMET-0002806,3.26,2.5
OADMET-0002805,4.91,1.0
OADMET-0002804,4.95,1.0
OADMET-0002803,5.22,1.0
OADMET-0002802,5.55,1.0
OADMET-0002801,5.84,1.0
OADMET-0002800,5.09,1.0
OADMET-0002799,3.4,2.5
OADMET-0002798,5.21,1.0
OADMET-0002797,5.84,1.0
OADMET-0002796,5.0,1.0
OADMET-0002795,5.029999999999999,1.0
OADMET-0002794,5.64,1.0
OADMET-0002793,4.96,1.0
OADMET-0002792,5.39,1.0
OADMET-0002791,6.125,1.0
OADMET-0002790,4.93,1.0
OADMET-0002789,5.46,1.0
OADMET-0002788,5.3,1.0
OADMET-0002787,5.7,1.0
OADMET-0002786,6.14,1.0
OADMET-0002785,5.41,1.0
OADMET-0002784,5.35,1.0
OADMET-0002783,5.69,1.0
OADMET-0002782,5.41,1.0
OADMET-0002781,5.5,1.0
OADMET-0002780,5.925000000000001,1.0
OADMET-0002779,5.3,1.0
OADMET-0002778,5.04,1.0
OADMET-0002777,5.03,1.0
OADMET-0002776,5.22,1.0
OADMET-0002775,5.23,1.0
OADMET-0002774,5.07,1.0
OADMET-0002773,5.91,1.0
OADMET-0002772,5.215,1.0
OADMET-0002771,1.8,2.5
OADMET-0002769,5.22,1.0
OADMET-0002768,5.25,1.0
OADMET-0002767,6.27,1.0
OADMET-0002766,5.904999999999999,1.0
OADMET-0002765,3.1,2.5
OADMET-0002764,4.79,1.0
OADMET-0002763,5.31,1.0
OADMET-0002762,5.6,1.0
OADMET-0002761,5.41,1.0
OADMET-0002760,6.32,1.0
OADMET-0002759,4.74,1.0
OADMET-0002758,5.795,1.0
OADMET-0002757,4.77,1.0
OADMET-0002756,4.87,1.0
OADMET-0002755,5.38,1.0
OADMET-0002754,5.6,1.0
OADMET-0002753,6.15,1.0
OADMET-0002752,4.95,1.0
OADMET-0002751,5.13,1.0
OADMET-0002750,3.43,2.5
OADMET-0002749,1.9,2.5
OADMET-0002748,1.79,2.5
OADMET-0002747,5.87,1.0
OADMET-0002746,4.78,1.0
OADMET-0002745,1.76,2.5
OADMET-0002744,5.34,1.0
OADMET-0002743,1.83,2.5
OADMET-0002742,1.82,2.5
OADMET-0002740,5.67,1.0
OADMET-0002739,5.33,1.0
OADMET-0002738,5.34,1.0
OADMET-0002736,4.91,1.0
OADMET-0002735,5.455,1.0
OADMET-0002734,1.81,2.5
OADMET-0002733,5.76,1.0
OADMET-0002732,5.66,1.0
OADMET-0002731,5.61,1.0
OADMET-0002730,5.58,1.0
OADMET-0002729,5.175,1.0
OADMET-0002728,5.65,1.0
OADMET-0002727,5.71,1.0
OADMET-0002726,5.01,1.0
OADMET-0002725,5.35,1.0
OADMET-0002724,2.6,2.5
OADMET-0002723,2.89,2.5
OADMET-0002722,5.47,1.0
OADMET-0002721,4.97,1.0
OADMET-0002720,5.46,1.0
OADMET-0002719,2.53,2.5
OADMET-0002718,6.115,1.0
OADMET-0002717,5.54,1.0
OADMET-0002716,4.79,1.0
OADMET-0002715,5.83,1.0
OADMET-0002714,5.82,1.0
OADMET-0002713,5.44,1.0
OADMET-0002712,5.29,1.0
OADMET-0002710,2.78,2.5
OADMET-0002709,5.49,1.0
OADMET-0002708,1.84,2.5
OADMET-0002707,5.56,1.0
OADMET-0002706,4.94,1.0
OADMET-0002705,3.56,1.0
OADMET-0002704,5.6,1.0
OADMET-0002703,5.16,1.0
OADMET-0002702,5.24,1.0
OADMET-0002701,5.365,1.0
OADMET-0002700,5.64,1.0
OADMET-0002699,5.22,1.0
OADMET-0002698,5.7,1.0
OADMET-0002697,5.36,1.0
OADMET-0002696,5.85,1.0
OADMET-0002695,2.69,2.5
OADMET-0002694,1.91,2.5
OADMET-0002693,5.06,1.0
OADMET-0002692,4.67,1.0
OADMET-0002691,5.35,1.0
OADMET-0002690,5.27,1.0
OADMET-0002689,4.07,1.0
OADMET-0002688,4.65,1.0
OADMET-0002687,5.12,1.0
OADMET-0002686,5.44,1.0
OADMET-0002685,5.98,1.0
OADMET-0002684,3.2,2.5
OADMET-0002683,6.07,1.0
OADMET-0002682,2.42,2.5
OADMET-0002681,5.33,1.0
OADMET-0002680,5.4,1.0
OADMET-0002679,5.27,1.0
OADMET-0002678,5.53,1.0
OADMET-0002677,5.28,1.0
OADMET-0002676,5.57,1.0
OADMET-0002675,5.8100000000000005,1.0
OADMET-0002674,5.28,1.0
OADMET-0002673,4.81,1.0
OADMET-0002672,1.72,2.5
OADMET-0002671,5.3,1.0
OADMET-0002670,5.18,1.0
OADMET-0002669,3.36,2.5
OADMET-0002668,5.03,1.0
OADMET-0002667,1.8,2.5
OADMET-0002666,6.325,1.0
OADMET-0002665,5.42,1.0
OADMET-0002664,5.08,1.0
OADMET-0002663,5.08,1.0
OADMET-0002662,5.87,1.0
OADMET-0002661,5.28,1.0
OADMET-0002660,1.8,2.5
OADMET-0002659,5.87,1.0
OADMET-0002658,5.41,1.0
OADMET-0002657,5.76,1.0
OADMET-0002656,5.65,1.0
OADMET-0002655,5.13,1.0
OADMET-0002654,4.73,1.0
OADMET-0002653,5.44,1.0
OADMET-0002652,1.71,2.5
OADMET-0002651,5.57,1.0
OADMET-0002650,1.75,2.5
OADMET-0002649,1.79,2.5
OADMET-0002648,4.69,1.0
OADMET-0002647,1.73,2.5
OADMET-0002646,4.78,1.0
OADMET-0002645,5.67,1.0
OADMET-0002644,2.0,2.5
OADMET-0002643,5.98,1.0
OADMET-0002642,5.48,1.0
OADMET-0002641,2.06,2.5
OADMET-0002640,5.12,1.0
OADMET-0002639,3.52,1.0
OADMET-0002638,5.26,1.0
OADMET-0002637,5.31,1.0
OADMET-0002636,5.19,1.0
OADMET-0002635,5.45,1.0
OADMET-0002634,4.7,1.0
OADMET-0002633,6.045,1.0
OADMET-0002632,5.79,1.0
OADMET-0002631,5.77,1.0
OADMET-0002630,4.705,1.0
OADMET-0002629,4.95,1.0
OADMET-0002628,6.11,1.0
OADMET-0002627,5.29,1.0
OADMET-0002626,5.19,1.0
OADMET-0002625,5.3,1.0
OADMET-0002624,1.74,2.5
OADMET-0002623,5.28,1.0
OADMET-0002622,5.52,1.0
OADMET-0002621,5.15,1.0
OADMET-0002620,5.42,1.0
OADMET-0002619,5.91,1.0
OADMET-0002618,4.87,1.0
OADMET-0002617,5.67,1.0
OADMET-0002616,5.88,1.0
OADMET-0002615,5.33,1.0
OADMET-0002614,5.5,1.0
OADMET-0002613,5.29,1.0
OADMET-0002612,4.85,1.0
OADMET-0002611,5.27,1.0
OADMET-0002610,4.6850000000000005,1.0
OADMET-0002609,4.67,1.0
OADMET-0002608,4.76,1.0
OADMET-0002607,5.08,1.0
OADMET-0002606,5.33,1.0
OADMET-0002605,5.6,1.0
OADMET-0002604,5.81,1.0
OADMET-0002603,6.855,1.0
OADMET-0002602,5.62,1.0
OADMET-0002601,5.915,1.0
OADMET-0002600,5.28,1.0
OADMET-0002599,5.63,1.0
OADMET-0002598,5.4,1.0
OADMET-0002597,5.09,1.0
OADMET-0002596,5.47,1.0
OADMET-0002595,2.69,2.5
OADMET-0002594,4.175,1.0
OADMET-0002593,4.609999999999999,1.0
OADMET-0002592,5.68,1.0
OADMET-0002591,5.23,1.0
OADMET-0002590,5.12,1.0
OADMET-0002589,5.2,1.0
OADMET-0002588,5.41,1.0
OADMET-0002587,5.02,1.0
OADMET-0002586,5.62,1.0
OADMET-0002585,5.35,1.0
OADMET-0002584,5.62,1.0
OADMET-0002583,5.91,1.0
OADMET-0002582,1.75,2.5
OADMET-0002581,5.29,1.0
OADMET-0002580,5.6,1.0
OADMET-0002579,5.15,1.0
OADMET-0002578,4.65,1.0
OADMET-0002577,5.03,1.0
OADMET-0002576,5.38,1.0
OADMET-0002575,6.16,1.0
OADMET-0002574,4.79,1.0
OADMET-0002573,5.41,1.0
OADMET-0002572,5.58,1.0
OADMET-0002571,6.0600000000000005,1.0
OADMET-0002570,5.14,1.0
OADMET-0002569,5.58,1.0
OADMET-0002568,5.53,1.0
OADMET-0002567,5.93,1.0
OADMET-0002566,5.61,1.0
OADMET-0002565,5.55,1.0
OADMET-0002564,5.52,1.0
OADMET-0002563,5.36,1.0
OADMET-0002562,4.94,1.0
OADMET-0002561,5.32,1.0
OADMET-0002560,5.4,1.0
OADMET-0002559,6.140000000000001,1.0
OADMET-0002558,4.57,1.0
OADMET-0002557,5.13,1.0
OADMET-0002556,5.6,1.0
OADMET-0002555,5.03,1.0
OADMET-0002554,5.08,1.0
OADMET-0002553,5.89,1.0
OADMET-0002552,5.52,1.0
OADMET-0002551,5.44,1.0
OADMET-0002550,5.11,1.0
OADMET-0002549,5.63,1.0
OADMET-0002547,5.16,1.0
OADMET-0002546,5.36,1.0
OADMET-0002545,4.96,1.0
OADMET-0002544,3.45,2.5
OADMET-0002543,5.14,1.0
OADMET-0002542,5.54,1.0
OADMET-0002541,6.195,1.0
OADMET-0002539,6.050000000000001,1.0
OADMET-0002538,5.835,0.5
OADMET-0002537,5.45,1.0
OADMET-0002338,6.12,1.0
OADMET-0002337,6.87,1.0
OADMET-0002333,2.17,2.5
OADMET-0002332,3.95,0.5
OADMET-0002331,3.77,1.0
OADMET-0002330,3.9,1.0
OADMET-0002329,1.87,1.25
OADMET-0002328,3.31,2.5
OADMET-0002327,2.65,2.5
OADMET-0002326,1.86,1.25
OADMET-0002325,2.96,2.5
OADMET-0002324,3.58,1.0
OADMET-0002323,1.96,1.25
OADMET-0002322,2.83,2.5
OADMET-0002321,2.54,2.5
OADMET-0002320,1.88,2.5
OADMET-0002319,3.0,1.25
OADMET-0002318,2.88,2.5
OADMET-0002317,1.92,1.25
OADMET-0002316,2.11,2.5
OADMET-0002315,2.64,2.5
OADMET-0002314,2.63,2.5
OADMET-0002313,2.02,2.5
OADMET-0002312,2.47,2.5
OADMET-0002311,2.95,1.25
OADMET-0002310,1.97,1.25
OADMET-0002309,2.87,1.25
OADMET-0002308,2.32,2.5
OADMET-0002307,2.89,2.5
OADMET-0002306,2.89,2.5
OADMET-0002305,2.18,1.25
OADMET-0002304,2.2,1.25
OADMET-0002303,2.76,2.5
OADMET-0002302,2.82,2.5
OADMET-0002301,2.91,2.5
OADMET-0002300,2.1,1.25
OADMET-0002299,3.05,1.25
OADMET-0002298,2.13,2.5
OADMET-0002297,2.2,1.25
OADMET-0002296,2.01,2.5
OADMET-0002295,2.09,2.5
OADMET-0002294,2.06,2.5
OADMET-0002293,2.22,2.5
OADMET-0002292,1.92,2.5
OADMET-0002291,4.27,0.5
OADMET-0002290,2.12,2.5
OADMET-0002289,2.97,2.5
OADMET-0002288,2.96,1.25
OADMET-0002287,2.76,1.25
OADMET-0002286,2.55,2.5
OADMET-0002285,2.21,2.5
OADMET-0002284,3.5,1.0
OADMET-0002283,3.52,1.0
OADMET-0002282,2.73,2.5
OADMET-0002281,3.65,1.0
OADMET-0002280,1.96,2.5
OADMET-0002279,1.97,1.25
OADMET-0002278,2.91,2.5
OADMET-0002277,2.26,1.25
OADMET-0002276,2.88,2.5
OADMET-0002275,2.96,2.5
OADMET-0002274,1.85,2.5
OADMET-0002273,2.48,2.5
OADMET-0002272,3.13,1.25
OADMET-0002271,3.02,2.5
OADMET-0002270,2.11,2.5
OADMET-0002269,2.35,2.5
OADMET-0002268,2.5,2.5
OADMET-0002267,3.37,2.5
OADMET-0002266,3.88,1.0
OADMET-0002265,2.94,1.25
OADMET-0002264,2.02,1.25
OADMET-0002263,1.82,2.5
OADMET-0002262,1.97,2.5
OADMET-0002261,3.38,2.5
OADMET-0002260,2.01,2.5
OADMET-0002259,4.01,0.5
OADMET-0002258,2.66,2.5
OADMET-0002257,3.23,1.25
OADMET-0002256,3.03,2.5
OADMET-0002255,2.17,2.5
OADMET-0002254,2.45,2.5
OADMET-0002253,3.05,2.5
OADMET-0002252,2.04,2.5
OADMET-0002251,2.57,2.5
OADMET-0002250,4.14,1.0
OADMET-0002249,3.05,1.25
OADMET-0002248,2.45,1.25
OADMET-0002247,2.55,2.5
OADMET-0002246,1.92,2.5
OADMET-0002245,2.64,2.5
OADMET-0002244,2.05,2.5
OADMET-0002243,3.18,2.5
OADMET-0002242,2.01,2.5
OADMET-0002241,2.75,2.5
OADMET-0002240,3.05,1.25
OADMET-0002239,2.07,2.5
OADMET-0002238,2.19,2.5
OADMET-0002237,3.72,0.5
OADMET-0002236,2.92,1.25
OADMET-0002235,2.88,2.5
OADMET-0002234,3.75,1.0
OADMET-0002233,1.88,2.5
OADMET-0002232,2.69,2.5
OADMET-0002231,3.7,1.0
OADMET-0002230,2.49,1.25
OADMET-0002229,2.61,2.5
OADMET-0002228,3.04,2.5
OADMET-0002227,2.87,2.5
OADMET-0002226,2.02,2.5
OADMET-0002225,3.54,1.0
OADMET-0002224,3.24,1.25
OADMET-0002223,2.1,2.5
OADMET-0002222,2.03,1.25
OADMET-0002221,2.64,2.5
OADMET-0002220,1.88,1.25
OADMET-0002219,1.98,1.25
OADMET-0002218,3.44,2.5
OADMET-0002217,2.05,2.5
OADMET-0002216,2.96,2.5
OADMET-0002215,2.52,2.5
OADMET-0002214,3.93,0.5
OADMET-0002213,2.98,2.5
OADMET-0002212,2.01,2.5
OADMET-0002211,1.85,2.5
OADMET-0002210,1.91,2.5
OADMET-0002209,2.72,2.5
OADMET-0002208,3.05,2.5
OADMET-0002207,2.89,2.5
OADMET-0002206,2.84,2.5
OADMET-0002205,2.33,2.5
OADMET-0002204,3.67,1.0
OADMET-0002203,4.08,1.0
OADMET-0002202,2.98,2.5
OADMET-0002201,2.25,2.5
OADMET-0002200,2.24,2.5
OADMET-0002199,1.95,2.5
OADMET-0002198,2.77,2.5
OADMET-0002197,1.95,2.5
OADMET-0002196,3.01,1.25
OADMET-0002195,2.9,1.25
OADMET-0002194,2.54,1.25
OADMET-0002193,2.65,1.25
OADMET-0002192,3.05,1.25
OADMET-0002191,3.73,0.5
OADMET-0002190,2.93,2.5
OADMET-0002189,1.83,2.5
OADMET-0002188,2.1,2.5
OADMET-0002187,2.06,2.5
OADMET-0002186,3.79,1.0
OADMET-0002185,1.82,2.5
OADMET-0002184,3.5,1.0
OADMET-0002183,1.92,2.5
OADMET-0002182,2.58,2.5
OADMET-0002181,2.14,2.5
OADMET-0002180,1.89,2.5
OADMET-0002179,3.03,1.25
OADMET-0002178,2.45,2.5
OADMET-0002177,2.36,2.5
OADMET-0002176,2.73,2.5
OADMET-0002175,3.03,1.25
OADMET-0002174,1.82,1.25
OADMET-0002173,2.61,2.5
OADMET-0002172,2.42,2.5
OADMET-0002171,3.36,2.5
OADMET-0002170,2.19,2.5
OADMET-0002169,2.86,2.5
OADMET-0002168,3.0,2.5
OADMET-0002167,3.11,2.5
OADMET-0002166,2.22,2.5
OADMET-0002165,2.92,2.5
OADMET-0002164,2.82,1.25
OADMET-0002163,2.99,2.5
OADMET-0002162,1.79,2.5
OADMET-0002161,2.57,2.5
OADMET-0002160,1.82,2.5
OADMET-0002159,1.99,2.5
OADMET-0002158,3.27,2.5
OADMET-0002157,2.17,2.5
OADMET-0002156,2.36,2.5
OADMET-0002155,3.02,2.5
OADMET-0002154,3.47,2.5
OADMET-0002153,1.8,2.5
OADMET-0002152,2.85,2.5
OADMET-0002151,2.77,2.5
OADMET-0002150,1.94,2.5
OADMET-0002149,1.98,2.5
OADMET-0002148,2.78,2.5
OADMET-0002147,3.19,1.25
OADMET-0002146,1.87,1.25
OADMET-0002145,2.02,2.5
OADMET-0002144,3.42,2.5
OADMET-0002143,3.01,1.25
OADMET-0002142,2.15,2.5
OADMET-0002141,2.83,2.5
OADMET-0002140,2.52,2.5
OADMET-0002139,2.96,2.5
OADMET-0002138,1.96,2.5
OADMET-0002137,3.22,2.5
OADMET-0002136,1.83,2.5
OADMET-0002135,3.41,2.5
OADMET-0002134,2.85,2.5
OADMET-0002133,3.95,1.0
OADMET-0002132,2.95,2.5
OADMET-0002131,3.1,2.5
OADMET-0002130,2.81,2.5
OADMET-0002129,2.45,2.5
OADMET-0002128,2.87,1.25
OADMET-0002127,3.92,1.0
OADMET-0002126,3.22,2.5
OADMET-0002125,2.16,2.5
OADMET-0002124,3.59,1.0
OADMET-0002123,3.56,1.0
OADMET-0002122,4.15,1.0
OADMET-0002121,2.91,2.5
OADMET-0002120,1.95,2.5
OADMET-0002119,2.73,2.5
OADMET-0002118,1.77,2.5
OADMET-0002117,2.4,2.5
OADMET-0002116,3.11,2.5
OADMET-0002115,3.65,1.0
OADMET-0002114,2.53,2.5
OADMET-0002113,3.0,2.5
OADMET-0002112,2.97,1.25
OADMET-0002111,2.97,2.5
OADMET-0002110,2.0,2.5
OADMET-0002109,2.53,2.5
OADMET-0002108,2.515,2.5
OADMET-0002107,2.6,2.5
OADMET-0002106,2.02,2.5
OADMET-0002105,1.86,2.5
OADMET-0002104,2.81,2.5
OADMET-0002103,3.18,2.5
OADMET-0002102,2.82,2.5
OADMET-0002101,3.26,2.5
OADMET-0002100,3.01,2.5
OADMET-0002099,1.98,2.5
OADMET-0002098,2.05,2.5
OADMET-0002097,2.67,1.25
OADMET-0002096,2.51,2.5
OADMET-0002095,2.85,2.5
OADMET-0002094,1.93,2.5
OADMET-0002093,2.45,2.5
OADMET-0002092,1.98,2.5
OADMET-0002091,2.83,2.5
OADMET-0002090,1.91,2.5
OADMET-0002089,1.95,2.5
OADMET-0002088,2.08,1.25
OADMET-0002087,2.69,2.5
OADMET-0002086,1.85,2.5
OADMET-0002085,2.71,2.5
OADMET-0002084,1.84,1.25
OADMET-0002083,4.28,1.0
OADMET-0002082,2.64,2.5
OADMET-0002081,3.02,2.5
OADMET-0002080,3.32,1.25
OADMET-0002079,2.07,2.5
OADMET-0002078,1.91,2.5
OADMET-0002077,2.06,2.5
OADMET-0002076,2.9,2.5
OADMET-0002075,2.41,2.5
OADMET-0002074,1.82,2.5
OADMET-0002073,1.94,1.25
OADMET-0002072,2.09,2.5
OADMET-0002071,2.72,2.5
OADMET-0002070,2.92,2.5
OADMET-0002069,2.88,2.5
OADMET-0002068,1.87,2.5
OADMET-0002067,2.6,2.5
OADMET-0002066,2.69,2.5
OADMET-0002065,2.39,2.5
OADMET-0002064,2.12,1.25
OADMET-0002063,3.96,1.0
OADMET-0002062,2.44,2.5
OADMET-0002061,1.98,2.5
OADMET-0002060,2.49,1.25
OADMET-0002059,4.08,1.0
OADMET-0002058,2.13,1.25
OADMET-0002057,1.97,2.5
OADMET-0002056,2.82,2.5
OADMET-0002055,1.94,2.5
OADMET-0002054,1.83,2.5
OADMET-0002053,2.49,2.5
OADMET-0002052,2.49,2.5
OADMET-0002051,2.01,2.5
OADMET-0002050,1.88,2.5
OADMET-0002049,2.86,2.5
OADMET-0002048,2.01,2.5
OADMET-0002047,2.01,2.5
OADMET-0002046,1.92,2.5
OADMET-0002045,4.51,1.0
OADMET-0002044,3.73,1.0
OADMET-0002043,4.46,1.0
OADMET-0002042,5.61,1.0
OADMET-0002041,5.03,1.0
OADMET-0002040,3.55,1.0
OADMET-0002039,3.04,2.5
OADMET-0002038,2.0,2.5
OADMET-0002037,2.98,2.5
OADMET-0002036,4.09,1.0
OADMET-0002035,4.95,1.0
OADMET-0002034,4.17,0.5
OADMET-0002033,3.88,1.0
OADMET-0002032,3.89,1.0
OADMET-0002031,1.96,2.5
OADMET-0002030,4.57,1.0
OADMET-0002029,4.37,0.5
OADMET-0002028,3.95,1.0
OADMET-0002027,2.83,2.5
OADMET-0002026,1.95,2.5
OADMET-0002025,3.75,1.0
OADMET-0002024,3.1,1.25
OADMET-0002023,2.7,2.5
OADMET-0002022,3.85,0.5
OADMET-0002021,4.41,0.5
OADMET-0002020,3.82,0.5
OADMET-0002019,4.49,1.0
OADMET-0002018,2.36,2.5
OADMET-0002017,4.21,1.0
OADMET-0002016,2.99,2.5
OADMET-0002015,4.12,1.0
OADMET-0002014,5.29,1.0
OADMET-0002013,4.28,1.0
OADMET-0002012,4.33,1.0
OADMET-0002011,4.46,1.0
OADMET-0002010,4.87,1.0
OADMET-0002009,3.11,2.5
OADMET-0002008,2.27,2.5
OADMET-0002007,4.83,0.5
OADMET-0002006,5.19,0.5
OADMET-0002005,4.24,0.5
OADMET-0002004,2.3,2.5
OADMET-0002003,2.34,2.5
OADMET-0002002,2.58,2.5
OADMET-0002001,3.1100000000000003,2.5
OADMET-0002000,1.92,1.25
OADMET-0001999,3.82,1.0
OADMET-0001998,4.87,1.0
OADMET-0001997,3.61,1.0
OADMET-0001996,3.0,2.5
OADMET-0001995,4.32,1.0
OADMET-0001994,3.47,2.5
OADMET-0001993,2.98,1.25
OADMET-0001992,2.95,2.5
OADMET-0001991,4.45,1.0
OADMET-0001990,5.29,1.0
OADMET-0001989,4.4,1.0
OADMET-0001988,1.77,2.5
OADMET-0001987,2.45,2.5
OADMET-0001986,3.85,1.0
OADMET-0001985,3.58,1.0
OADMET-0001984,3.41,2.5
OADMET-0001983,4.91,1.0
OADMET-0001982,4.745,1.0
OADMET-0001981,1.81,2.5
OADMET-0001980,4.06,0.5
OADMET-0001979,3.61,1.0
OADMET-0001978,4.03,1.0
OADMET-0001977,5.42,0.5
OADMET-0001976,4.58,1.0
OADMET-0001975,4.78,1.0
OADMET-0001974,3.67,0.5
OADMET-0001973,5.19,1.0
OADMET-0001972,1.81,2.5
OADMET-0001971,2.84,2.5
OADMET-0001970,2.22,2.5
OADMET-0001969,4.27,1.0
OADMET-0001968,4.48,1.0
OADMET-0001967,2.18,2.5
OADMET-0001966,4.59,1.0
OADMET-0001965,2.08,2.5
OADMET-0001964,4.71,1.0
OADMET-0001963,4.39,1.0
OADMET-0001962,1.84,1.25
OADMET-0001961,3.92,1.0
OADMET-0001960,4.84,1.0
OADMET-0001958,1.91,2.5
OADMET-0001957,1.89,2.5
OADMET-0001956,1.86,1.25
OADMET-0001955,4.57,1.0
OADMET-0001954,2.28,2.5
OADMET-0001953,4.07,1.0
OADMET-0001951,5.95,1.0
OADMET-0001950,5.66,1.0
OADMET-0001949,3.47,2.5
OADMET-0001948,4.48,1.0
OADMET-0001947,3.6,1.0
OADMET-0001946,4.64,1.0
OADMET-0001945,1.81,1.25
OADMET-0001944,3.13,1.25
OADMET-0001943,5.52,1.0
OADMET-0001942,2.82,2.5
OADMET-0001941,3.0,2.5
OADMET-0001940,2.27,2.5
OADMET-0001938,2.19,2.5
OADMET-0001937,5.25,1.0
OADMET-0001936,2.93,2.5
OADMET-0001935,4.99,1.0
OADMET-0001934,5.29,1.0
OADMET-0001933,3.63,1.0
OADMET-0001932,5.37,0.5
OADMET-0001931,1.97,2.5
OADMET-0001930,3.63,1.0
OADMET-0001928,5.62,1.0
OADMET-0001927,3.89,0.5
OADMET-0001926,5.23,0.5
OADMET-0001925,4.82,1.0
OADMET-0001924,3.9,1.0
OADMET-0001923,3.4,2.5
OADMET-0001922,4.98,1.0
OADMET-0001921,1.84,2.5
OADMET-0001920,1.78,1.25
OADMET-0001919,1.88,1.25
OADMET-0001918,4.73,1.0
OADMET-0001917,4.16,1.0
OADMET-0001916,4.95,1.0
OADMET-0001914,3.88,0.5
OADMET-0001913,4.875,1.0
OADMET-0001912,3.0,1.25
OADMET-0001911,4.18,0.5
OADMET-0001910,2.42,2.5
OADMET-0001909,2.415,2.5
OADMET-0001908,4.05,1.0
OADMET-0001906,4.25,1.0
OADMET-0001905,2.97,1.25
OADMET-0001904,4.84,1.0
OADMET-0001903,5.16,0.5
OADMET-0001902,4.7,1.0
OADMET-0001901,4.06,1.0
OADMET-0001900,4.81,1.0
OADMET-0001899,4.95,1.0
OADMET-0001898,5.13,1.0
OADMET-0001897,3.48,2.5
OADMET-0001895,3.94,1.0
OADMET-0001894,5.1,1.0
OADMET-0001893,1.94,1.25
OADMET-0001892,4.45,1.0
OADMET-0001890,3.37,2.5
OADMET-0001888,4.13,1.0
OADMET-0001887,4.13,1.0
OADMET-0001885,3.1,2.5
OADMET-0001884,4.2,1.0
OADMET-0001883,4.75,1.0
OADMET-0001882,1.81,1.25
OADMET-0001881,4.6,1.0
OADMET-0001880,3.86,1.0
OADMET-0001879,3.53,1.0
OADMET-0001878,4.83,1.0
OADMET-0001877,4.88,1.0
OADMET-0001876,3.1,2.5
OADMET-0001875,1.9,2.5
OADMET-0001874,4.77,1.0
OADMET-0001872,3.92,1.0
OADMET-0001871,4.38,1.0
OADMET-0001870,4.12,1.0
OADMET-0001869,2.54,2.5
OADMET-0001868,2.84,2.5
OADMET-0001867,3.55,1.0
OADMET-0001866,4.54,1.0
OADMET-0001865,2.81,2.5
OADMET-0001864,3.49,2.5
OADMET-0001863,5.06,1.0
OADMET-0001862,3.27,2.5
OADMET-0001861,2.01,1.25
OADMET-0001859,2.82,2.5
OADMET-0001858,1.9,2.5
OADMET-0001857,4.0,0.5
OADMET-0001828,4.3,1.0
OADMET-0001827,3.62,1.0
OADMET-0001826,3.42,2.5
OADMET-0001825,1.62,2.5
OADMET-0001824,2.56,2.5
OADMET-0001823,5.23,1.0
OADMET-0001822,4.04,1.0
OADMET-0001821,4.17,1.0
OADMET-0001820,4.45,1.0
OADMET-0001819,3.8,1.0
OADMET-0001818,4.05,1.0
OADMET-0001817,3.77,1.0
OADMET-0001816,3.99,1.0
OADMET-0001815,2.81,2.5
OADMET-0001814,3.36,2.5
OADMET-0001813,4.07,1.0
OADMET-0001812,3.33,2.5
OADMET-0001811,1.7,2.5
OADMET-0001810,4.7,1.0
OADMET-0001809,4.33,1.0
OADMET-0001808,4.16,1.0
OADMET-0001807,4.63,1.0
OADMET-0001806,1.68,2.5
OADMET-0001805,4.64,1.0
OADMET-0001804,4.22,1.0
OADMET-0001803,4.17,1.0
OADMET-0001802,3.5,1.0
OADMET-0001801,1.75,1.25
OADMET-0001800,4.53,1.0
OADMET-0001799,5.22,1.0
OADMET-0001798,5.25,1.0
OADMET-0001797,3.59,1.0
OADMET-0001796,4.1,1.0
OADMET-0001795,3.81,1.0
OADMET-0001794,5.37,1.0
OADMET-0001793,5.21,1.0
OADMET-0001792,2.25,2.5
OADMET-0001791,1.91,2.5
OADMET-0001790,2.57,2.5
OADMET-0001789,1.73,2.5
OADMET-0001788,4.67,1.0
OADMET-0001787,3.96,1.0
OADMET-0001786,4.06,1.0
OADMET-0001785,4.09,1.0
OADMET-0001784,3.37,2.5
OADMET-0001783,3.99,1.0
OADMET-0001782,2.35,2.5
OADMET-0001781,2.37,2.5
OADMET-0001780,2.98,2.5
OADMET-0001779,3.76,1.0
OADMET-0001778,2.28,2.5
OADMET-0001777,4.13,1.0
OADMET-0001776,3.98,1.0
OADMET-0001775,3.43,2.5
OADMET-0001774,4.45,1.0
OADMET-0001773,5.81,1.0
OADMET-0001772,2.82,2.5
OADMET-0001771,3.87,0.5
OADMET-0001770,1.94,2.5
OADMET-0001769,3.52,1.0
OADMET-0001768,4.19,1.0
OADMET-0001767,5.25,1.0
OADMET-0001766,4.28,1.0
OADMET-0001765,3.9,1.0
OADMET-0001764,3.76,0.5
OADMET-0001763,1.88,2.5
OADMET-0001762,4.26,1.0
OADMET-0001761,4.1,1.0
OADMET-0001760,3.47,2.5
OADMET-0001759,3.4,2.5
OADMET-0001758,1.71,2.5
OADMET-0001757,3.25,2.5
OADMET-0001756,2.94,2.5
OADMET-0001755,6.37,1.0
OADMET-0001754,3.04,1.25
OADMET-0001753,4.63,1.0
OADMET-0001752,3.33,2.5
OADMET-0001751,4.62,1.0
OADMET-0001750,3.27,2.5
OADMET-0001749,1.65,2.5
OADMET-0001748,4.89,1.0
OADMET-0001747,3.91,1.0
OADMET-0001746,2.6,2.5
OADMET-0001745,3.87,1.0
OADMET-0001744,2.14,2.5
OADMET-0001743,4.11,1.0
OADMET-0001742,2.94,2.5
OADMET-0001741,2.45,2.5
OADMET-0001740,2.82,2.5
OADMET-0001739,3.59,1.0
OADMET-0001738,5.09,1.0
OADMET-0001737,3.99,1.0
OADMET-0001736,3.05,2.5
OADMET-0001735,4.27,1.0
OADMET-0001734,4.53,1.0
OADMET-0001733,3.44,2.5
OADMET-0001732,4.38,1.0
OADMET-0001731,2.75,2.5
OADMET-0001730,3.26,2.5
OADMET-0001729,3.67,1.0
OADMET-0001727,2.54,2.5
OADMET-0001726,3.35,2.5
OADMET-0001725,2.55,2.5
OADMET-0001724,4.6,1.0
OADMET-0001723,4.07,1.0
OADMET-0001722,3.87,1.0
OADMET-0001721,3.91,1.0
OADMET-0001720,3.44,2.5
OADMET-0001719,1.67,2.5
OADMET-0001718,4.08,1.0
OADMET-0001717,3.36,2.5
OADMET-0001716,4.04,1.0
OADMET-0001715,3.41,2.5
OADMET-0001714,1.72,1.25
OADMET-0001713,3.49,2.5
OADMET-0001712,2.66,2.5
OADMET-0001711,1.62,2.5
OADMET-0001710,4.45,1.0
OADMET-0001709,4.56,1.0
OADMET-0001708,2.43,2.5
OADMET-0001707,2.81,2.5
OADMET-0001695,4.44,1.0
OADMET-0001694,3.67,1.0
OADMET-0001693,4.52,1.0
OADMET-0001692,1.89,2.5
OADMET-0001691,3.47,2.5
OADMET-0001690,3.91,1.0
OADMET-0001689,3.28,2.5
OADMET-0001688,3.48,2.5
OADMET-0001687,4.18,1.0
OADMET-0001686,4.5,1.0
OADMET-0001685,2.27,2.5
OADMET-0001684,3.91,1.0
OADMET-0001683,4.58,1.0
OADMET-0001682,4.63,1.0
OADMET-0001681,4.09,1.0
OADMET-0001680,4.31,1.0
OADMET-0001679,5.43,1.0
OADMET-0001678,2.37,2.5
OADMET-0001677,2.97,2.5
OADMET-0001676,3.94,1.0
OADMET-0001675,3.46,2.5
OADMET-0001674,3.81,1.0
OADMET-0001673,2.73,2.5
OADMET-0001672,3.35,2.5
OADMET-0001671,3.66,1.0
OADMET-0001670,4.5,1.0
OADMET-0001669,3.72,1.0
OADMET-0001668,3.49,2.5
OADMET-0001667,4.56,1.0
OADMET-0001666,1.76,1.25
OADMET-0001665,2.36,2.5
OADMET-0001664,3.43,2.5
OADMET-0001663,1.89,2.5
OADMET-0001662,3.14,2.5
OADMET-0001661,4.26,1.0
OADMET-0001660,3.33,2.5
OADMET-0001659,1.7,2.5
OADMET-0001658,2.2,2.5
OADMET-0001657,1.66,2.5
OADMET-0001656,2.5,2.5
OADMET-0001655,4.11,1.0
OADMET-0001654,3.66,1.0
OADMET-0001653,1.88,2.5
OADMET-0001652,3.09,2.5
OADMET-0001651,4.37,1.0
OADMET-0001650,2.86,2.5
OADMET-0001649,3.95,1.0
OADMET-0001648,2.64,2.5
OADMET-0001647,3.33,2.5
OADMET-0001646,4.22,1.0
OADMET-0001645,4.45,1.0
OADMET-0001644,2.51,2.5
OADMET-0001643,4.1,1.0
OADMET-0001642,4.24,1.0
OADMET-0001641,3.27,2.5
OADMET-0001640,2.23,2.5
OADMET-0001639,2.58,2.5
OADMET-0001638,2.28,2.5
OADMET-0001637,3.62,1.0
OADMET-0001636,3.15,2.5
OADMET-0001635,3.63,1.0
OADMET-0001634,4.83,1.0
OADMET-0001633,4.18,1.0
OADMET-0001632,2.45,2.5
OADMET-0001631,4.35,0.5
OADMET-0001630,5.82,1.0
OADMET-0001629,3.27,2.5
OADMET-0001628,3.48,2.5
OADMET-0001627,4.67,1.0
OADMET-0001626,2.86,2.5
OADMET-0001625,2.97,1.25
OADMET-0001624,4.33,1.0
OADMET-0001623,4.87,1.0
OADMET-0001622,4.2,1.0
OADMET-0001621,4.65,1.0
OADMET-0001620,3.85,1.0
OADMET-0001619,5.05,1.0
OADMET-0001618,4.88,1.0
OADMET-0001617,3.92,1.0
OADMET-0001616,4.34,1.0
OADMET-0001615,2.79,2.5
OADMET-0001614,3.88,1.0
OADMET-0001613,4.08,1.0
OADMET-0001612,3.53,1.0
OADMET-0001611,4.25,1.0
OADMET-0001610,5.01,1.0
OADMET-0001609,4.31,1.0
OADMET-0001608,3.98,1.0
OADMET-0001607,2.28,2.5
OADMET-0001606,3.99,1.0
OADMET-0001605,4.21,1.0
OADMET-0001604,2.68,2.5
OADMET-0001602,1.77,2.5
OADMET-0001601,3.52,1.0
OADMET-0001600,1.96,2.5
OADMET-0001599,4.29,1.0
OADMET-0001598,3.71,1.0
OADMET-0001597,4.5,1.0
OADMET-0001596,2.23,2.5
OADMET-0001595,1.8,2.5
OADMET-0001594,1.7,2.5
OADMET-0001593,4.84,1.0
OADMET-0001592,2.44,2.5
OADMET-0001591,3.5,1.0
OADMET-0001590,2.88,2.5
OADMET-0001589,3.04,2.5
OADMET-0001588,4.34,1.0
OADMET-0001587,5.09,1.0
OADMET-0001586,2.57,2.5
OADMET-0001585,2.25,2.5
OADMET-0001584,5.28,1.0
OADMET-0001583,5.28,1.0
OADMET-0001582,3.01,2.5
OADMET-0001581,5.01,1.0
OADMET-0001580,5.26,1.0
OADMET-0001579,2.77,2.5
OADMET-0001578,3.58,1.0
OADMET-0001577,3.83,1.0
OADMET-0001576,2.7,2.5
OADMET-0001575,2.48,2.5
OADMET-0001574,4.01,1.0
OADMET-0001573,2.61,2.5
OADMET-0001572,2.37,2.5
OADMET-0001571,4.35,1.0
OADMET-0001570,4.63,1.0
OADMET-0001569,4.28,1.0
OADMET-0001568,2.55,2.5
OADMET-0001567,1.85,2.5
OADMET-0001566,4.66,1.0
OADMET-0001565,3.07,2.5
OADMET-0001564,2.92,2.5
OADMET-0001563,3.97,1.0
OADMET-0001562,4.52,1.0
OADMET-0001561,3.95,1.0
OADMET-0001558,3.69,1.0
OADMET-0001557,4.81,1.0
OADMET-0001556,3.58,1.0
OADMET-0001555,3.25,2.5
OADMET-0001554,2.02,2.5
OADMET-0001553,2.96,2.5
OADMET-0001552,4.64,1.0
OADMET-0001551,4.07,1.0
OADMET-0001550,5.04,1.0
OADMET-0001549,2.58,2.5
OADMET-0001548,4.7,1.0
OADMET-0001547,3.25,2.5
OADMET-0001545,1.69,2.5
OADMET-0001544,2.68,2.5
OADMET-0001543,4.2,1.0
OADMET-0001542,1.68,2.5
OADMET-0001540,3.37,2.5
OADMET-0001539,3.34,2.5
OADMET-0001538,4.12,1.0
OADMET-0001537,3.49,2.5
OADMET-0001536,4.82,1.0
OADMET-0001535,4.87,1.0
OADMET-0001533,5.2,1.0
OADMET-0001532,4.67,1.0
OADMET-0001531,3.29,2.5
OADMET-0001530,3.87,1.0
OADMET-0001529,5.1,1.0
OADMET-0001528,4.56,1.0
OADMET-0001527,3.79,1.0
OADMET-0001526,3.53,1.0
OADMET-0001525,4.91,1.0
OADMET-0001524,3.01,2.5
OADMET-0001522,4.53,1.0
OADMET-0001520,4.55,1.0
OADMET-0001519,3.81,1.0
OADMET-0001518,3.66,1.0
OADMET-0001517,3.1,2.5
OADMET-0001516,4.79,1.0
OADMET-0001514,4.53,1.0
OADMET-0001513,4.98,1.0
OADMET-0001512,1.82,2.5
OADMET-0001511,3.62,1.0
OADMET-0001510,1.67,2.5
OADMET-0001509,2.86,2.5
OADMET-0001508,4.58,1.0
OADMET-0001507,4.61,1.0
OADMET-0001506,4.47,1.0
OADMET-0001505,3.86,1.0
OADMET-0001504,5.16,1.0
OADMET-0001503,3.52,1.0
OADMET-0001502,4.57,1.0
OADMET-0001501,3.91,1.0
OADMET-0001500,4.41,1.0
OADMET-0001499,3.88,1.0
OADMET-0001498,5.51,1.0
OADMET-0001497,4.95,1.0
OADMET-0001496,1.85,2.5
OADMET-0001495,5.09,1.0
OADMET-0001494,2.26,2.5
OADMET-0001493,2.33,2.5
OADMET-0001492,4.19,1.0
OADMET-0001491,5.18,1.0
OADMET-0001490,5.3,1.0
OADMET-0001489,4.09,1.0
OADMET-0001488,5.22,1.0
OADMET-0001487,3.76,1.0
OADMET-0001486,5.08,1.0
OADMET-0001485,5.78,1.0
OADMET-0001484,2.44,2.5
OADMET-0001482,5.67,1.0
OADMET-0001481,4.41,1.0
OADMET-0001480,4.83,1.0
OADMET-0001479,4.61,1.0
OADMET-0001478,5.04,1.0
OADMET-0001477,5.33,1.0
OADMET-0001476,4.38,1.0
OADMET-0001474,2.86,2.5
OADMET-0001473,2.52,1.25
OADMET-0001472,3.57,1.0
OADMET-0001471,1.73,2.5
OADMET-0001470,6.43,1.0
OADMET-0001469,4.34,1.0
OADMET-0001468,4.01,1.0
OADMET-0001467,3.87,0.5
OADMET-0001466,3.16,2.5
OADMET-0001465,4.41,1.0
OADMET-0001464,4.45,1.0
OADMET-0001463,3.21,1.25
OADMET-0001462,5.16,0.5
OADMET-0001461,5.18,0.5
OADMET-0001460,2.48,1.25
OADMET-0001459,3.69,0.5
OADMET-0001458,3.0,2.5
OADMET-0001457,2.9,2.5
OADMET-0001456,3.16,2.5
OADMET-0001454,2.3,2.5
OADMET-0001453,5.52,1.0
OADMET-0001452,5.06,1.0
OADMET-0001451,5.04,1.0
OADMET-0001450,3.66,1.0
OADMET-0001449,5.2,1.0
OADMET-0001448,4.54,1.0
OADMET-0001447,4.65,1.0
OADMET-0001446,2.51,2.5
OADMET-0001445,4.36,1.0
OADMET-0001444,4.56,1.0
OADMET-0001442,3.69,1.0
OADMET-0001441,5.05,1.0
OADMET-0001440,4.59,1.0
OADMET-0001439,5.33,1.0
OADMET-0001438,1.67,2.5
OADMET-0001437,4.53,1.0
OADMET-0001436,5.35,1.0
OADMET-0001435,3.09,2.5
OADMET-0001434,2.86,2.5
OADMET-0001433,2.36,2.5
OADMET-0001432,4.61,1.0
OADMET-0001431,3.64,1.0
OADMET-0001430,4.92,1.0
OADMET-0001429,3.34,2.5
OADMET-0001427,4.79,1.0
OADMET-0001426,4.87,1.0
OADMET-0001425,5.15,1.0
OADMET-0001424,4.98,1.0
OADMET-0001423,1.88,2.5
OADMET-0001422,4.77,1.0
OADMET-0001420,5.19,1.0
OADMET-0001419,3.61,1.0
OADMET-0001418,4.24,1.0
OADMET-0001417,3.38,2.5
OADMET-0001416,4.71,1.0
OADMET-0001415,3.83,1.0
OADMET-0001414,4.86,1.0
OADMET-0001413,3.4,2.5
OADMET-0001412,4.11,1.0
OADMET-0001410,4.8,1.0
OADMET-0001409,4.1,0.5
OADMET-0001408,5.27,0.5
OADMET-0001407,3.2,2.5
OADMET-0001406,5.86,1.0
OADMET-0001405,5.8,0.5
OADMET-0001404,4.09,1.0
OADMET-0001403,4.05,1.0
OADMET-0001402,4.39,1.0
OADMET-0001401,3.49,2.5
OADMET-0001400,4.99,1.0
OADMET-0001399,5.01,1.0
OADMET-0001398,1.66,2.5
OADMET-0001397,4.38,1.0
OADMET-0001396,5.48,1.0
OADMET-0001395,5.48,1.0
OADMET-0001394,4.74,1.0
OADMET-0001393,3.04,2.5
OADMET-0001392,2.85,2.5
OADMET-0001391,4.33,1.0
OADMET-0001390,1.75,2.5
OADMET-0001388,6.14,1.0
OADMET-0001387,1.63,2.5
OADMET-0001385,4.75,1.0
OADMET-0001384,1.71,2.5
OADMET-0001383,3.93,1.0
OADMET-0001382,4.76,1.0
OADMET-0001381,4.44,1.0
OADMET-0001380,2.42,2.5
OADMET-0001379,4.88,1.0
OADMET-0001377,3.19,2.5
OADMET-0001376,3.92,1.0
OADMET-0001375,3.39,2.5
OADMET-0001374,5.25,1.0
OADMET-0001373,4.38,1.0
OADMET-0001372,3.41,2.5
OADMET-0001371,5.14,1.0
OADMET-0001370,5.26,1.0
OADMET-0001369,4.26,1.0
OADMET-0001368,5.6,1.0
OADMET-0001367,5.43,1.0
OADMET-0001366,5.2,1.0
OADMET-0001365,4.8,1.0
OADMET-0001364,5.09,1.0
OADMET-0001363,3.57,1.0
OADMET-0001362,3.53,1.0
OADMET-0001361,3.55,1.0
OADMET-0001360,3.02,2.5
OADMET-0001359,4.38,1.0
OADMET-0001358,3.43,2.5
OADMET-0001357,3.38,2.5
OADMET-0001356,3.94,1.0
OADMET-0001355,3.78,1.0
OADMET-0001354,3.62,1.0
OADMET-0001353,3.24,2.5
OADMET-0001352,2.61,2.5
OADMET-0001351,4.55,1.0
OADMET-0001350,3.7,1.0
OADMET-0001349,3.36,2.5
OADMET-0001347,4.64,1.0
OADMET-0001346,4.38,1.0
OADMET-0001345,3.28,2.5
OADMET-0001344,4.08,1.0
OADMET-0001343,3.71,1.0
OADMET-0001342,1.81,2.5
OADMET-0001341,3.44,2.5
OADMET-0001340,3.16,2.5
OADMET-0001339,2.05,2.5
OADMET-0001338,4.87,1.0
OADMET-0001337,4.99,1.0
OADMET-0001336,4.96,1.0
OADMET-0001335,4.74,1.0
OADMET-0001334,3.49,2.5
OADMET-0001333,3.73,1.0
OADMET-0001332,4.69,1.0
OADMET-0001331,3.09,2.5
OADMET-0001330,4.56,1.0
OADMET-0001329,3.05,2.5
OADMET-0001328,3.67,1.0
OADMET-0001327,1.91,2.5
OADMET-0001326,4.8,1.0
OADMET-0001325,3.98,1.0
OADMET-0001324,3.39,2.5
OADMET-0001323,3.58,1.0
OADMET-0001322,2.55,2.5
OADMET-0001321,2.59,2.5
OADMET-0001320,2.51,2.5
OADMET-0001319,3.69,1.0
OADMET-0001318,4.66,1.0
OADMET-0001317,3.25,2.5
OADMET-0001316,2.36,2.5
OADMET-0001315,4.46,1.0
OADMET-0001314,3.43,2.5
OADMET-0001313,3.53,1.0
OADMET-0001312,3.53,1.0
OADMET-0001311,3.81,1.0
OADMET-0001308,3.23,2.5
OADMET-0001307,3.03,2.5
OADMET-0001306,3.56,1.0
OADMET-0001305,3.17,2.5
OADMET-0001304,2.56,2.5
OADMET-0001303,4.15,1.0
OADMET-0001302,3.94,1.0
OADMET-0001301,4.68,1.0
OADMET-0001300,3.18,2.5
OADMET-0001299,4.92,1.0
OADMET-0001297,2.6,2.5
OADMET-0001296,2.71,2.5
OADMET-0001295,4.6,1.0
OADMET-0001294,2.34,2.5
OADMET-0001293,4.19,1.0
OADMET-0001292,3.68,1.0
OADMET-0001290,3.41,2.5
OADMET-0001289,4.21,1.0
OADMET-0001288,2.76,2.5
OADMET-0001287,2.5,2.5
OADMET-0001286,2.39,2.5
OADMET-0001284,3.35,2.5
OADMET-0001283,4.0,1.0
OADMET-0001282,2.37,2.5
OADMET-0001281,2.28,2.5
OADMET-0001280,3.14,2.5
OADMET-0001279,4.83,1.0
OADMET-0001278,2.56,2.5
OADMET-0001277,1.61,2.5
OADMET-0001276,4.6,1.0
OADMET-0001275,3.8,1.0
OADMET-0001274,3.68,0.5
OADMET-0001273,3.39,2.5
OADMET-0001272,2.95,2.5
OADMET-0001270,4.39,1.0
OADMET-0001268,2.43,2.5
OADMET-0001267,3.29,2.5
OADMET-0001266,2.79,2.5
OADMET-0001264,2.91,2.5
OADMET-0001263,4.5,1.0
OADMET-0001262,3.18,2.5
OADMET-0001261,3.15,2.5
OADMET-0001260,3.37,2.5
OADMET-0001259,2.88,2.5
OADMET-0001258,1.64,2.5
OADMET-0001257,3.77,1.0
OADMET-0001256,3.21,2.5
OADMET-0001255,3.39,2.5
OADMET-0001254,5.05,1.0
OADMET-0001253,4.36,1.0
OADMET-0001252,3.73,1.0
OADMET-0001251,4.47,1.0
OADMET-0001250,3.09,2.5
OADMET-0001248,3.28,2.5
OADMET-0001247,3.55,1.0
OADMET-0001246,2.77,2.5
OADMET-0001245,2.84,2.5
OADMET-0001244,2.8,2.5
OADMET-0001243,3.03,2.5
OADMET-0001242,2.62,2.5
OADMET-0001241,1.66,2.5
OADMET-0001240,3.38,2.5
OADMET-0001239,7.54855421686747,1.0
OADMET-0001238,3.33,2.5
OADMET-0001237,3.94,1.0
OADMET-0001236,2.57,2.5
OADMET-0001235,3.35,2.5
OADMET-0001234,4.11,1.0
OADMET-0001233,3.4,2.5
OADMET-0001232,3.35,2.5
OADMET-0001231,3.95,1.0
OADMET-0001230,4.19,1.0
OADMET-0001229,3.49,2.5
OADMET-0001228,2.71,2.5
OADMET-0001227,2.79,2.5
OADMET-0001226,3.19,2.5
OADMET-0001225,3.52,1.0
OADMET-0001224,3.76,1.0
OADMET-0001223,2.9,1.25
OADMET-0001222,3.19,2.5
OADMET-0001221,2.97,2.5
OADMET-0001220,3.16,2.5
OADMET-0001219,2.74,2.5
OADMET-0001218,3.82,1.0
OADMET-0001217,4.01,1.0
OADMET-0001216,3.11,2.5
OADMET-0001215,2.24,2.5
OADMET-0001214,4.57,1.0
OADMET-0001213,4.36,1.0
OADMET-0001212,4.28,1.0
OADMET-0001211,2.67,2.5
OADMET-0001210,3.23,2.5
OADMET-0001209,4.0,1.0
OADMET-0001208,4.11,1.0
OADMET-0001207,2.75,2.5
OADMET-0001206,2.77,2.5
OADMET-0001204,5.33,1.0
OADMET-0001203,3.05,2.5
OADMET-0001202,2.49,2.5
OADMET-0001201,3.95,1.0
OADMET-0001200,4.17,1.0
OADMET-0001199,2.53,2.5
OADMET-0001198,2.79,2.5
OADMET-0001197,2.68,2.5
OADMET-0001196,4.98,1.0
OADMET-0001195,3.78,1.0
OADMET-0001194,3.32,2.5
OADMET-0001193,2.48,2.5
OADMET-0001192,3.06,2.5
OADMET-0001191,3.66,1.0
OADMET-0001190,3.48,2.5
OADMET-0001189,3.05,2.5
OADMET-0001188,3.19,2.5
OADMET-0001187,4.19,1.0
OADMET-0001186,3.7,1.0
OADMET-0001185,5.54,1.0
OADMET-0001184,3.34,2.5
OADMET-0001183,3.85,1.0
OADMET-0001182,2.69,2.5
OADMET-0001181,4.56,1.0
OADMET-0001180,4.77,1.0
OADMET-0001179,2.66,2.5
OADMET-0001178,2.53,2.5
OADMET-0001177,4.84,1.0
OADMET-0001176,4.47,1.0
OADMET-0001175,3.9,1.0
OADMET-0001174,3.81,1.0
OADMET-0001173,3.3,2.5
OADMET-0001172,2.43,2.5
OADMET-0001171,3.55,1.0
OADMET-0001170,3.24,2.5
OADMET-0001169,3.01,2.5
OADMET-0001168,4.55,1.0
OADMET-0001167,2.28,2.5
OADMET-0001166,2.4,2.5
OADMET-0001165,2.49,2.5
OADMET-0001164,2.51,2.5
OADMET-0001163,3.93,1.0
OADMET-0001162,3.5,1.0
OADMET-0001161,3.62,1.0
OADMET-0001160,3.31,2.5
OADMET-0001159,3.41,2.5
OADMET-0001158,3.2,2.5
OADMET-0001157,3.15,2.5
OADMET-0001156,4.16,1.0
OADMET-0001155,1.72,1.25
OADMET-0001154,2.74,2.5
OADMET-0001153,3.48,2.5
OADMET-0001152,3.86,1.0
OADMET-0001151,2.87,2.5
OADMET-0001150,3.69,1.0
OADMET-0001149,4.71,1.0
OADMET-0001148,2.59,2.5
OADMET-0001147,3.72,1.0
OADMET-0001146,4.13,1.0
OADMET-0001145,3.48,2.5
OADMET-0001144,3.74,1.0
OADMET-0001143,3.04,2.5
OADMET-0001142,4.24,1.0
OADMET-0001141,4.41,1.0
OADMET-0001140,2.77,1.25
OADMET-0001139,3.79,1.0
OADMET-0001138,2.9,2.5
OADMET-0001137,2.75,2.5
OADMET-0001136,4.16,1.0
OADMET-0001135,2.22,2.5
OADMET-0001134,3.34,2.5
OADMET-0001133,4.61,1.0
OADMET-0001132,2.67,2.5
OADMET-0001131,3.75,1.0
OADMET-0001130,3.85,1.0
OADMET-0001129,2.76,2.5
OADMET-0001128,4.28,1.0
OADMET-0001127,3.29,2.5
OADMET-0001126,2.5,2.5
OADMET-0001125,3.63,1.0
OADMET-0001124,4.12,1.0
OADMET-0001123,4.26,1.0
OADMET-0001122,2.2,2.5
OADMET-0001121,2.84,2.5
OADMET-0001120,2.95,2.5
OADMET-0001119,3.52,1.0
OADMET-0001118,3.14,2.5
OADMET-0001117,3.42,2.5
OADMET-0001116,3.21,2.5
OADMET-0001115,2.53,2.5
OADMET-0001114,2.55,2.5
OADMET-0001113,3.2,2.5
OADMET-0001112,3.08,2.5
OADMET-0001111,4.24,1.0
OADMET-0001110,2.74,2.5
OADMET-0001109,2.47,2.5
OADMET-0001108,3.16,2.5
OADMET-0001107,2.23,2.5
OADMET-0001106,2.45,2.5
OADMET-0001105,2.88,2.5
OADMET-0001104,3.73,1.0
OADMET-0001103,3.94,1.0
OADMET-0001102,3.53,1.0
OADMET-0001101,4.26,1.0
OADMET-0001100,3.43,2.5
OADMET-0001099,3.92,1.0
OADMET-0001098,3.49,2.5
OADMET-0001097,4.31,1.0
OADMET-0001096,2.3,2.5
OADMET-0001095,3.87,1.0
OADMET-0001094,3.09,2.5
OADMET-0001093,4.08,1.0
OADMET-0001092,4.82,1.0
OADMET-0001091,4.1,1.0
OADMET-0001090,4.32,1.0
OADMET-0001089,2.55,2.5
OADMET-0001088,5.11,1.0
OADMET-0001087,4.88,1.0
OADMET-0001086,3.39,2.5
OADMET-0001085,3.53,1.0
OADMET-0001084,3.46,2.5
OADMET-0001083,3.46,2.5
OADMET-0001082,2.11,2.5
OADMET-0001081,3.64,1.0
OADMET-0001080,5.22,1.0
OADMET-0001079,3.43,2.5
OADMET-0001078,2.93,2.5
OADMET-0001077,3.91,1.0
OADMET-0001076,4.87,1.0
OADMET-0001075,2.27,2.5
OADMET-0001074,3.04,2.5
OADMET-0001073,3.98,1.0
OADMET-0001072,3.62,1.0
OADMET-0001071,2.86,2.5
OADMET-0001070,3.61,1.0
OADMET-0001069,2.67,2.5
OADMET-0001068,3.97,1.0
OADMET-0001067,3.11,2.5
OADMET-0001066,2.42,2.5
OADMET-0001065,3.31,2.5
OADMET-0001064,3.14,2.5
OADMET-0001063,2.44,2.5
OADMET-0001062,3.3,2.5
OADMET-0001061,4.08,1.0
OADMET-0001060,3.97,1.0
OADMET-0001059,3.61,1.0
OADMET-0001058,4.1,1.0
OADMET-0001057,3.65,1.0
OADMET-0001056,3.92,1.0
OADMET-0001055,2.8,2.5
OADMET-0001054,2.56,2.5
OADMET-0001053,4.64,1.0
OADMET-0001052,2.85,2.5
OADMET-0001051,2.49,2.5
OADMET-0001050,2.16,2.5
OADMET-0001049,4.01,1.0
OADMET-0001048,2.97,2.5
OADMET-0001047,3.79,1.0
OADMET-0001046,4.23,1.0
OADMET-0001045,4.29,1.0
OADMET-0001044,3.2,2.5
OADMET-0001043,3.76,1.0
OADMET-0001042,3.87,1.0
OADMET-0001041,3.76,1.0
OADMET-0001040,3.08,2.5
OADMET-0001039,3.33,2.5
OADMET-0001038,3.97,1.0
OADMET-0001037,2.68,2.5
OADMET-0001036,2.5,2.5
OADMET-0001035,3.12,2.5
OADMET-0001034,3.56,1.0
OADMET-0001033,2.04,2.5
OADMET-0001032,2.5,2.5
OADMET-0001031,3.73,1.0
OADMET-0001030,3.39,2.5
OADMET-0001029,2.7,2.5
OADMET-0001028,3.44,2.5
OADMET-0001027,3.67,1.0
OADMET-0001026,2.94,2.5
OADMET-0001025,2.39,2.5
OADMET-0001024,4.24,1.0
OADMET-0001023,5.58,1.0
OADMET-0001022,2.31,2.5
OADMET-0001021,1.62,2.5
OADMET-0001020,2.74,2.5
OADMET-0001019,2.31,2.5
OADMET-0001018,3.34,2.5
OADMET-0001017,4.26,1.0
OADMET-0001016,3.28,2.5
OADMET-0001015,4.0,1.0
OADMET-0001014,4.11,1.0
OADMET-0001013,2.37,2.5
OADMET-0001012,3.47,2.5
OADMET-0001011,3.14,2.5
OADMET-0001010,5.6,1.0
OADMET-0001009,3.21,2.5
OADMET-0001008,2.78,2.5
OADMET-0001007,1.63,2.5
OADMET-0001006,4.26,1.0
OADMET-0001005,2.67,2.5
OADMET-0001004,2.79,2.5
OADMET-0001003,3.49,2.5
OADMET-0001002,3.6,1.0
OADMET-0001001,2.92,2.5
OADMET-0001000,2.65,2.5
OADMET-0000999,4.84,1.0
OADMET-0000998,2.57,2.5
OADMET-0000997,3.07,2.5
OADMET-0000996,4.55,1.0
OADMET-0000995,2.93,2.5
OADMET-0000994,3.14,2.5
OADMET-0000993,2.75,2.5
OADMET-0000992,3.26,2.5
OADMET-0000991,3.17,2.5
OADMET-0000990,4.39,1.0
OADMET-0000989,3.63,1.0
OADMET-0000988,3.79,1.0
OADMET-0000987,4.19,1.0
OADMET-0000986,3.86,1.0
OADMET-0000985,4.55,1.0
OADMET-0000984,3.92,1.0
OADMET-0000983,2.32,2.5
OADMET-0000982,3.01,2.5
OADMET-0000981,3.99,1.0
OADMET-0000980,2.74,2.5
OADMET-0000979,3.6,1.0
OADMET-0000978,4.25,1.0
OADMET-0000977,2.68,2.5
OADMET-0000976,3.81,0.5
OADMET-0000975,3.28,2.5
OADMET-0000974,3.64,1.0
OADMET-0000973,4.06,1.0
OADMET-0000972,4.36,1.0
OADMET-0000971,3.09,2.5
OADMET-0000970,4.25,1.0
OADMET-0000969,3.92,1.0
OADMET-0000968,3.94,1.0
OADMET-0000967,3.13,2.5
OADMET-0000966,3.9,1.0
OADMET-0000965,2.96,2.5
OADMET-0000964,3.15,2.5
OADMET-0000963,3.93,1.0
OADMET-0000962,4.39,1.0
OADMET-0000961,2.44,2.5
OADMET-0000960,3.63,1.0
OADMET-0000959,2.7,2.5
OADMET-0000958,2.56,1.25
OADMET-0000957,3.56,1.0
OADMET-0000956,2.94,2.5
OADMET-0000955,3.66,1.0
OADMET-0000954,2.48,2.5
OADMET-0000953,2.73,2.5
OADMET-0000952,3.99,1.0
OADMET-0000951,3.33,2.5
OADMET-0000950,3.79,1.0
OADMET-0000949,3.08,2.5
OADMET-0000948,3.13,2.5
OADMET-0000947,2.15,2.5
OADMET-0000946,2.52,2.5
OADMET-0000945,3.26,2.5
OADMET-0000944,2.54,2.5
OADMET-0000943,2.61,2.5
OADMET-0000942,2.26,2.5
OADMET-0000941,3.86,1.0
OADMET-0000940,3.09,2.5
OADMET-0000939,4.76,1.0
OADMET-0000938,2.34,2.5
OADMET-0000937,2.83,2.5
OADMET-0000936,3.96,1.0
OADMET-0000935,2.59,2.5
OADMET-0000934,2.14,2.5
OADMET-0000933,4.05,1.0
OADMET-0000932,2.64,2.5
OADMET-0000931,4.35,1.0
OADMET-0000930,2.76,2.5
OADMET-0000929,2.13,2.5
OADMET-0000928,1.88,2.5
OADMET-0000927,2.32,2.5
